Configuration,Term,J,g,Prefix,Level (cm-1),Suffix,Uncertainty (cm-1),Reference
"=""1s2""","=""1S""","=""0""",1,"=""[""","=""0.0000""","=""]""","=""0.0012""","=""L22715"""
"=""1s.2s""","=""3S""","=""1""",3,"=""[""","=""159855.971776""","=""]""","=""0.000043""","=""L22715c200,L20736"""
"=""1s.2s""","=""1S""","=""0""",1,"=""[""","=""166277.437635""","=""]""","=""0.000063""","=""L22715c200,L20736"""
"=""1s.2p""","=""3P*""","=""2""",5,"=""[""","=""169086.76391031""","=""]""","=""0.00002335""","=""L22715c200,L20736"""
"=""1s.2p""","=""3P*""","=""1""",3,"=""[""","=""169086.84033581""","=""]""","=""0.00002335""","=""L22715c200,L20736"""
"=""1s.2p""","=""3P*""","=""0""",1,"=""[""","=""169087.82825101""","=""]""","=""0.00002335""","=""L22715c200,L20736"""
"=""1s.2p""","=""1P*""","=""1""",3,"=""[""","=""171134.894441""","=""]""","=""0.000013""","=""L22715c200,L20736"""
"=""1s.3s""","=""3S""","=""1""",3,"=""[""","=""183236.789095""","=""]""","=""0.000067""","=""L22715c200"""
"=""1s.3s""","=""1S""","=""0""",1,"=""[""","=""184864.826715""","=""]""","=""0.000033""","=""L22715c200"""
"=""1s.3p""","=""3P*""","=""2""",5,"=""[""","=""185564.55932651""","=""]""","=""0.00000033""","=""L22715c200"""
"=""1s.3p""","=""3P*""","=""1""",3,"=""[""","=""185564.5813147""","=""]""","=""0.0000030""","=""L22715c200"""
"=""1s.3p""","=""3P*""","=""0""",1,"=""[""","=""185564.8520073""","=""]""","=""0.0000033""","=""L22715c200"""
"=""1s.3d""","=""3D""","=""3""",7,"=""[""","=""186101.54358476""","=""]""","=""0.00000077""","=""L22715c200,L21466"""
"=""1s.3d""","=""3D""","=""2""",5,"=""[""","=""186101.54609533""","=""]""","=""0.00000077""","=""L22715c200,L21466"""
"=""1s.3d""","=""3D""","=""1""",3,"=""[""","=""186101.59029341""","=""]""","=""0.00000077""","=""L22715c200,L21466"""
"=""1s.3d""","=""1D""","=""2""",5,"=""[""","=""186104.96409510""","=""]""","=""0.00000063""","=""L22715c200,L21466"""
"=""1s.3p""","=""1P*""","=""1""",3,"=""[""","=""186209.3623329""","=""]""","=""0.0000017""","=""L22715c200"""
"=""1s.4s""","=""3S""","=""1""",3,"=""[""","=""190298.110654""","=""]""","=""0.000023""","=""L22715c200"""
"=""1s.4s""","=""1S""","=""0""",1,"=""[""","=""190940.223749""","=""]""","=""0.000023""","=""L22715c200"""
"=""1s.4p""","=""3P*""","=""2""",5,"=""[""","=""191217.0383609""","=""]""","=""0.0000067""","=""L22715c200"""
"=""1s.4p""","=""3P*""","=""1""",3,"=""[""","=""191217.0473571""","=""]""","=""0.0000067""","=""L22715c200"""
"=""1s.4p""","=""3P*""","=""0""",1,"=""[""","=""191217.1576834""","=""]""","=""0.0000067""","=""L22715c200"""
"=""1s.4d""","=""3D""","=""3""",7,"=""[""","=""191444.47832914""","=""]""","=""0.00000037""","=""L22715c200,L21466"""
"=""1s.4d""","=""3D""","=""2""",5,"=""[""","=""191444.47952984""","=""]""","=""0.00000037""","=""L22715c200,L21466"""
"=""1s.4d""","=""3D""","=""1""",3,"=""[""","=""191444.49804915""","=""]""","=""0.00000037""","=""L22715c200,L21466"""
"=""1s.4d""","=""1D""","=""2""",5,"=""[""","=""191446.45313936""","=""]""","=""0.00000030""","=""L22715c200,L21466"""
"=""1s.4f""","=""3F*""","=""3""",7,"=""[""","=""191451.871342758""","=""]""","=""0.000000063""","=""L22715c200"""
"=""1s.4f""","=""3F*""","=""4""",9,"=""[""","=""191451.878482501""","=""]""","=""0.000000050""","=""L22715c200"""
"=""1s.4f""","=""3F*""","=""2""",5,"=""[""","=""191451.887100873""","=""]""","=""0.000000063""","=""L22715c200"""
"=""1s.4f""","=""1F*""","=""3""",7,"=""[""","=""191451.894854811""","=""]""","=""0.000000050""","=""L22715c200"""
"=""1s.4p""","=""1P*""","=""1""",3,"=""[""","=""191492.7093035""","=""]""","=""0.0000013""","=""L22715c200"""
"=""1s.5s""","=""3S""","=""1""",3,"=""[""","=""193346.988738""","=""]""","=""0.000013""","=""L22715c200"""
"=""1s.5s""","=""1S""","=""0""",1,"=""[""","=""193663.509489""","=""]""","=""0.000010""","=""L22715c200"""
"=""1s.5p""","=""3P*""","=""2""",5,"=""[""","=""193800.7049900""","=""]""","=""0.0000037""","=""L22715c200"""
"=""1s.5p""","=""3P*""","=""1""",3,"=""[""","=""193800.7095104""","=""]""","=""0.0000037""","=""L22715c200"""
"=""1s.5p""","=""3P*""","=""0""",1,"=""[""","=""193800.7649571""","=""]""","=""0.0000037""","=""L22715c200"""
"=""1s.5d""","=""3D""","=""3""",7,"=""[""","=""193917.14868441""","=""]""","=""0.00000020""","=""L22715c200,L21466"""
"=""1s.5d""","=""3D""","=""2""",5,"=""[""","=""193917.14932512""","=""]""","=""0.00000020""","=""L22715c200,L21466"""
"=""1s.5d""","=""3D""","=""1""",3,"=""[""","=""193917.15878310""","=""]""","=""0.00000020""","=""L22715c200,L21466"""
"=""1s.5d""","=""1D""","=""2""",5,"=""[""","=""193918.28729754""","=""]""","=""0.00000017""","=""L22715c200,L21466"""
"=""1s.5f""","=""3F*""","=""3""",7,"=""[""","=""193921.115658304""","=""]""","=""0.000000040""","=""L22715c200"""
"=""1s.5f""","=""3F*""","=""4""",9,"=""[""","=""193921.118736664""","=""]""","=""0.000000030""","=""L22715c200"""
"=""1s.5f""","=""3F*""","=""2""",5,"=""[""","=""193921.123147015""","=""]""","=""0.000000040""","=""L22715c200"""
"=""1s.5f""","=""1F*""","=""3""",7,"=""[""","=""193921.128275032""","=""]""","=""0.000000030""","=""L22715c200"""
"=""1s.5g""","=""3G""","=""4""",9,"=""[""","=""193921.612342687""","=""]""","=""0.000000010""","=""L22715c200"""
"=""1s.5g""","=""3G""","=""5""",11,"=""[""","=""193921.615113207""","=""]""","=""0.000000007""","=""L22715c200"""
"=""1s.5g""","=""3G""","=""3""",7,"=""[""","=""193921.617632089""","=""]""","=""0.000000010""","=""L22715c200"""
"=""1s.5g""","=""1G""","=""4""",9,"=""[""","=""193921.619327049""","=""]""","=""0.000000007""","=""L22715c200"""
"=""1s.5p""","=""1P*""","=""1""",3,"=""[""","=""193942.45968763""","=""]""","=""0.00000063""","=""L22715c200"""
"=""1s.6s""","=""3S""","=""1""",3,"=""[""","=""194936.1170910""","=""]""","=""0.0000067""","=""L22715c200"""
"=""1s.6s""","=""1S""","=""0""",1,"=""[""","=""195114.8660951""","=""]""","=""0.0000060""","=""L22715c200"""
"=""1s.6p""","=""3P*""","=""2""",5,"=""[""","=""195192.7403680""","=""]""","=""0.0000020""","=""L22715c200"""
"=""1s.6p""","=""3P*""","=""1""",3,"=""[""","=""195192.7429528""","=""]""","=""0.0000020""","=""L22715c200"""
"=""1s.6p""","=""3P*""","=""0""",1,"=""[""","=""195192.7746751""","=""]""","=""0.0000020""","=""L22715c200"""
"=""1s.6d""","=""3D""","=""3""",7,"=""[""","=""195260.06875373""","=""]""","=""0.00000013""","=""L22715c200,L21466"""
"=""1s.6d""","=""3D""","=""2""",5,"=""[""","=""195260.06913189""","=""]""","=""0.00000013""","=""L22715c200,L21466"""
"=""1s.6d""","=""3D""","=""1""",3,"=""[""","=""195260.07459804""","=""]""","=""0.00000013""","=""L22715c200,L21466"""
"=""1s.6d""","=""1D""","=""2""",5,"=""[""","=""195260.76790341""","=""]""","=""0.00000010""","=""L22715c200,L21466"""
"=""1s.6f""","=""3F*""","=""3""",7,"=""[""","=""195262.421610707""","=""]""","=""0.000000023""","=""L22715c200"""
"=""1s.6f""","=""3F*""","=""4""",9,"=""[""","=""195262.423215351""","=""]""","=""0.000000017""","=""L22715c200"""
"=""1s.6f""","=""3F*""","=""2""",5,"=""[""","=""195262.425766876""","=""]""","=""0.000000023""","=""L22715c200"""
"=""1s.6f""","=""1F*""","=""3""",7,"=""[""","=""195262.429178233""","=""]""","=""0.000000017""","=""L22715c200"""
"=""1s.6g""","=""3G""","=""4""",9,"=""[""","=""195262.720476278""","=""]""","=""0.000000007""","=""L22715c200"""
"=""1s.6g""","=""3G""","=""5""",11,"=""[""","=""195262.722078133""","=""]""","=""0.000000005""","=""L22715c200"""
"=""1s.6g""","=""3G""","=""3""",7,"=""[""","=""195262.723535674""","=""]""","=""0.000000007""","=""L22715c200"""
"=""1s.6g""","=""1G""","=""4""",9,"=""[""","=""195262.724518244""","=""]""","=""0.000000005""","=""L22715c200"""
"=""1s.6h""","=""3H*""","=""5""",11,"=""[""","=""195262.790444878""","=""]""","=""0.000000003""","=""L22715c200"""
"=""1s.6h""","=""3H*""","=""6""",13,"=""[""","=""195262.791489053""","=""]""","=""0.000000002""","=""L22715c200"""
"=""1s.6h""","=""3H*""","=""4""",9,"=""[""","=""195262.792436815""","=""]""","=""0.000000003""","=""L22715c200"""
"=""1s.6h""","=""1H*""","=""5""",11,"=""[""","=""195262.793144011""","=""]""","=""0.000000002""","=""L22715c200"""
"=""1s.6p""","=""1P*""","=""1""",3,"=""[""","=""195274.90585994""","=""]""","=""0.00000037""","=""L22715c200"""
"=""1s.7s""","=""3S""","=""1""",3,"=""[""","=""195868.2343699""","=""]""","=""0.0000040""","=""L22715c200"""
"=""1s.7s""","=""1S""","=""0""",1,"=""[""","=""195978.8925750""","=""]""","=""0.0000037""","=""L22715c200"""
"=""1s.7p""","=""3P*""","=""2""",5,"=""[""","=""196027.3124205""","=""]""","=""0.0000013""","=""L22715c200"""
"=""1s.7p""","=""3P*""","=""1""",3,"=""[""","=""196027.3140350""","=""]""","=""0.0000013""","=""L22715c200"""
"=""1s.7p""","=""3P*""","=""0""",1,"=""[""","=""196027.3338587""","=""]""","=""0.0000013""","=""L22715c200"""
"=""1s.7d""","=""3D""","=""3""",7,"=""[""","=""196069.670203959""","=""]""","=""0.000000067""","=""L22715c200,L21466"""
"=""1s.7d""","=""3D""","=""2""",5,"=""[""","=""196069.670444809""","=""]""","=""0.000000067""","=""L22715c200,L21466"""
"=""1s.7d""","=""3D""","=""1""",3,"=""[""","=""196069.673884275""","=""]""","=""0.000000067""","=""L22715c200,L21466"""
"=""1s.7d""","=""1D""","=""2""",5,"=""[""","=""196070.125778175""","=""]""","=""0.000000067""","=""L22715c200,L21466"""
"=""1s.7f""","=""3F*""","=""3""",7,"=""[""","=""196071.173571829""","=""]""","=""0.000000017""","=""L22715c200"""
"=""1s.7f""","=""3F*""","=""4""",9,"=""[""","=""196071.174517346""","=""]""","=""0.000000013""","=""L22715c200"""
"=""1s.7f""","=""3F*""","=""2""",5,"=""[""","=""196071.176123831""","=""]""","=""0.000000017""","=""L22715c200"""
"=""1s.7f""","=""1F*""","=""3""",7,"=""[""","=""196071.178458823""","=""]""","=""0.000000013""","=""L22715c200"""
"=""1s.7g""","=""3G""","=""4""",9,"=""[""","=""196071.366132002""","=""]""","=""0.000000005""","=""L22715c200"""
"=""1s.7g""","=""3G""","=""5""",11,"=""[""","=""196071.367140046""","=""]""","=""0.000000003""","=""L22715c200"""
"=""1s.7g""","=""3G""","=""3""",7,"=""[""","=""196071.368057856""","=""]""","=""0.000000005""","=""L22715c200"""
"=""1s.7g""","=""1G""","=""4""",9,"=""[""","=""196071.368677416""","=""]""","=""0.000000003""","=""L22715c200"""
"=""1s.7h""","=""3H*""","=""5""",11,"=""[""","=""196071.411906500""","=""]""","=""0.000000002""","=""L22715c200"""
"=""1s.7h""","=""3H*""","=""6""",13,"=""[""","=""196071.412564058""","=""]""","=""0.000000002""","=""L22715c200"""
"=""1s.7h""","=""3H*""","=""4""",9,"=""[""","=""196071.413160886""","=""]""","=""0.000000002""","=""L22715c200"""
"=""1s.7h""","=""1H*""","=""5""",11,"=""[""","=""196071.413606244""","=""]""","=""0.000000002""","=""L22715c200"""
"=""1s.7i""","=""3I""","=""6""",13,"=""[""","=""196071.426285024""","=""]""","=""0.000000002""","=""L22715c200"""
"=""1s.7i""","=""3I""","=""7""",15,"=""[""","=""196071.426746230""","=""]""","=""0.000000002""","=""L22715c200"""
"=""1s.7i""","=""3I""","=""5""",11,"=""[""","=""196071.427166484""","=""]""","=""0.000000002""","=""L22715c200"""
"=""1s.7i""","=""1I""","=""6""",13,"=""[""","=""196071.427500365""","=""]""","=""0.000000002""","=""L22715c200"""
"=""1s.7p""","=""1P*""","=""1""",3,"=""[""","=""196079.08496364""","=""]""","=""0.00000023""","=""L22715c200"""
"=""1s.8s""","=""3S""","=""1""",3,"=""[""","=""196461.3592043""","=""]""","=""0.0000027""","=""L22715c200"""
"=""1s.8s""","=""1S""","=""0""",1,"=""[""","=""196534.5615465""","=""]""","=""0.0000023""","=""L22715c200"""
"=""1s.8p""","=""3P*""","=""2""",5,"=""[""","=""196566.7092158""","=""]""","=""0.0000010""","=""L22715c200"""
"=""1s.8p""","=""3P*""","=""1""",3,"=""[""","=""196566.7102909""","=""]""","=""0.0000010""","=""L22715c200"""
"=""1s.8p""","=""3P*""","=""0""",1,"=""[""","=""196566.7234987""","=""]""","=""0.0000010""","=""L22715c200"""
"=""1s.8d""","=""3D""","=""3""",7,"=""[""","=""196595.059597060""","=""]""","=""0.000000067""","=""L22715c200,L21466"""
"=""1s.8d""","=""3D""","=""2""",5,"=""[""","=""196595.059759543""","=""]""","=""0.000000067""","=""L22715c200,L21466"""
"=""1s.8d""","=""3D""","=""1""",3,"=""[""","=""196595.062062489""","=""]""","=""0.000000067""","=""L22715c200,L21466"""
"=""1s.8d""","=""1D""","=""2""",5,"=""[""","=""196595.371446820""","=""]""","=""0.000000033""","=""L22715c200,L21466"""
"=""1s.8f""","=""3F*""","=""3""",7,"=""[""","=""196596.076153965""","=""]""","=""0.000000010""","=""L22715c200"""
"=""1s.8f""","=""3F*""","=""4""",9,"=""[""","=""196596.076759854""","=""]""","=""0.000000010""","=""L22715c200"""
"=""1s.8f""","=""3F*""","=""2""",5,"=""[""","=""196596.077835935""","=""]""","=""0.000000010""","=""L22715c200"""
"=""1s.8f""","=""1F*""","=""3""",7,"=""[""","=""196596.079486447""","=""]""","=""0.000000010""","=""L22715c200"""
"=""1s.8g""","=""3G""","=""4""",9,"=""[""","=""196596.207050337""","=""]""","=""0.000000004""","=""L22715c200"""
"=""1s.8g""","=""3G""","=""5""",11,"=""[""","=""196596.207725298""","=""]""","=""0.000000003""","=""L22715c200"""
"=""1s.8g""","=""3G""","=""3""",7,"=""[""","=""196596.208340131""","=""]""","=""0.000000004""","=""L22715c200"""
"=""1s.8g""","=""1G""","=""4""",9,"=""[""","=""196596.208755583""","=""]""","=""0.000000003""","=""L22715c200"""
"=""1s.8h""","=""3H*""","=""5""",11,"=""[""","=""196596.238460185""","=""]""","=""0.000000002""","=""L22715c200"""
"=""1s.8h""","=""3H*""","=""6""",13,"=""[""","=""196596.238900698""","=""]""","=""0.000000002""","=""L22715c200"""
"=""1s.8h""","=""3H*""","=""4""",9,"=""[""","=""196596.239300519""","=""]""","=""0.000000002""","=""L22715c200"""
"=""1s.8h""","=""1H*""","=""5""",11,"=""[""","=""196596.239598879""","=""]""","=""0.000000002""","=""L22715c200"""
"=""1s.8i""","=""3I""","=""6""",13,"=""[""","=""196596.248445919""","=""]""","=""0.000000002""","=""L22715c200"""
"=""1s.8i""","=""3I""","=""7""",15,"=""[""","=""196596.248754892""","=""]""","=""0.000000002""","=""L22715c200"""
"=""1s.8i""","=""3I""","=""5""",11,"=""[""","=""196596.249036428""","=""]""","=""0.000000002""","=""L22715c200"""
"=""1s.8i""","=""1I""","=""6""",13,"=""[""","=""196596.249260103""","=""]""","=""0.000000002""","=""L22715c200"""
"=""1s.8k""","=""3K*""","=""7""",15,"=""[""","=""196596.252291872""","=""]""","=""0.000000002""","=""L22715c200"""
"=""1s.8k""","=""3K*""","=""8""",17,"=""[""","=""196596.252520350""","=""]""","=""0.000000002""","=""L22715c200"""
"=""1s.8k""","=""3K*""","=""6""",13,"=""[""","=""196596.252729621""","=""]""","=""0.000000002""","=""L22715c200"""
"=""1s.8k""","=""1K*""","=""7""",15,"=""[""","=""196596.252902905""","=""]""","=""0.000000002""","=""L22715c200"""
"=""1s.8p""","=""1P*""","=""1""",3,"=""[""","=""196601.39764087""","=""]""","=""0.00000017""","=""L22715c200"""
"=""1s.9s""","=""3S""","=""1""",3,"=""[""","=""196861.9847334""","=""]""","=""0.0000017""","=""L22715c200"""
"=""1s.9s""","=""1S""","=""0""",1,"=""[""","=""196912.9000793""","=""]""","=""0.0000017""","=""L22715c200"""
"=""1s.9p""","=""3P*""","=""2""",5,"=""[""","=""196935.32881198""","=""]""","=""0.00000067""","=""L22715c200"""
"=""1s.9p""","=""3P*""","=""1""",3,"=""[""","=""196935.32956383""","=""]""","=""0.00000067""","=""L22715c200"""
"=""1s.9p""","=""3P*""","=""0""",1,"=""[""","=""196935.33880189""","=""]""","=""0.00000067""","=""L22715c200"""
"=""1s.9d""","=""3D""","=""3""",7,"=""[""","=""196955.223920571""","=""]""","=""0.000000037""","=""L22715c200,L21466"""
"=""1s.9d""","=""3D""","=""2""",5,"=""[""","=""196955.224035287""","=""]""","=""0.000000037""","=""L22715c200,L21466"""
"=""1s.9d""","=""3D""","=""1""",3,"=""[""","=""196955.225652215""","=""]""","=""0.000000040""","=""L22715c200,L21466"""
"=""1s.9d""","=""1D""","=""2""",5,"=""[""","=""196955.446144507""","=""]""","=""0.000000030""","=""L22715c200,L21466"""
"=""1s.9f""","=""3F*""","=""3""",7,"=""[""","=""196955.942410380""","=""]""","=""0.000000007""","=""L22715c200"""
"=""1s.9f""","=""3F*""","=""4""",9,"=""[""","=""196955.942822912""","=""]""","=""0.000000007""","=""L22715c200"""
"=""1s.9f""","=""3F*""","=""2""",5,"=""[""","=""196955.943578608""","=""]""","=""0.000000007""","=""L22715c200"""
"=""1s.9f""","=""1F*""","=""3""",7,"=""[""","=""196955.944780980""","=""]""","=""0.000000007""","=""L22715c200"""
"=""1s.9g""","=""3G""","=""4""",9,"=""[""","=""196956.035257094""","=""]""","=""0.000000003""","=""L22715c200"""
"=""1s.9g""","=""3G""","=""5""",11,"=""[""","=""196956.035730957""","=""]""","=""0.000000002""","=""L22715c200"""
"=""1s.9g""","=""3G""","=""3""",7,"=""[""","=""196956.036162761""","=""]""","=""0.000000003""","=""L22715c200"""
"=""1s.9g""","=""1G""","=""4""",9,"=""[""","=""196956.036454750""","=""]""","=""0.000000002""","=""L22715c200"""
"=""1s.9h""","=""3H*""","=""5""",11,"=""[""","=""196956.057675673""","=""]""","=""0.000000002""","=""L22715c200"""
"=""1s.9h""","=""3H*""","=""6""",13,"=""[""","=""196956.057985059""","=""]""","=""0.000000002""","=""L22715c200"""
"=""1s.9h""","=""3H*""","=""4""",9,"=""[""","=""196956.058265862""","=""]""","=""0.000000002""","=""L22715c200"""
"=""1s.9h""","=""1H*""","=""5""",11,"=""[""","=""196956.058475412""","=""]""","=""0.000000002""","=""L22715c200"""
"=""1s.9i""","=""3I""","=""6""",13,"=""[""","=""196956.064859034""","=""]""","=""0.000000002""","=""L22715c200"""
"=""1s.9i""","=""3I""","=""7""",15,"=""[""","=""196956.065076035""","=""]""","=""0.000000002""","=""L22715c200"""
"=""1s.9i""","=""3I""","=""5""",11,"=""[""","=""196956.065273765""","=""]""","=""0.000000002""","=""L22715c200"""
"=""1s.9i""","=""1I""","=""6""",13,"=""[""","=""196956.065430860""","=""]""","=""0.000000002""","=""L22715c200"""
"=""1s.9k""","=""3K*""","=""7""",15,"=""[""","=""196956.067650852""","=""]""","=""0.000000002""","=""L22715c200"""
"=""1s.9k""","=""3K*""","=""8""",17,"=""[""","=""196956.067811319""","=""]""","=""0.000000002""","=""L22715c200"""
"=""1s.9k""","=""3K*""","=""6""",13,"=""[""","=""196956.067958296""","=""]""","=""0.000000002""","=""L22715c200"""
"=""1s.9k""","=""1K*""","=""7""",15,"=""[""","=""196956.068080000""","=""]""","=""0.000000002""","=""L22715c200"""
"=""1s.9p""","=""1P*""","=""1""",3,"=""[""","=""196959.69020989""","=""]""","=""0.00000010""","=""L22715c200"""
"=""1s.10s""","=""3S""","=""1""",3,"=""[""","=""197145.2306518""","=""]""","=""0.0000013""","=""L22715c200"""
"=""1s.10s""","=""1S""","=""0""",1,"=""[""","=""197182.0629406""","=""]""","=""0.0000013""","=""L22715c200"""
"=""1s.10p""","=""3P*""","=""2""",5,"=""[""","=""197198.33011596""","=""]""","=""0.00000043""","=""L22715c200"""
"=""1s.10p""","=""3P*""","=""1""",3,"=""[""","=""197198.33066214""","=""]""","=""0.00000043""","=""L22715c200"""
"=""1s.10p""","=""3P*""","=""0""",1,"=""[""","=""197198.33737542""","=""]""","=""0.00000047""","=""L22715c200"""
"=""1s.10d""","=""3D""","=""3""",7,"=""[""","=""197212.823255258""","=""]""","=""0.000000030""","=""L22715c200,L21466"""
"=""1s.10d""","=""3D""","=""2""",5,"=""[""","=""197212.823339109""","=""]""","=""0.000000030""","=""L22715c200,L21466"""
"=""1s.10d""","=""3D""","=""1""",3,"=""[""","=""197212.824517451""","=""]""","=""0.000000030""","=""L22715c200,L21466"""
"=""1s.10d""","=""1D""","=""2""",5,"=""[""","=""197212.986924548""","=""]""","=""0.000000020""","=""L22715c200,L21466"""
"=""1s.10f""","=""3F*""","=""3""",7,"=""[""","=""197213.349392262""","=""]""","=""0.000000006""","=""L22715c200"""
"=""1s.10f""","=""3F*""","=""4""",9,"=""[""","=""197213.349686315""","=""]""","=""0.000000005""","=""L22715c200"""
"=""1s.10f""","=""3F*""","=""2""",5,"=""[""","=""197213.350237182""","=""]""","=""0.000000006""","=""L22715c200"""
"=""1s.10f""","=""1F*""","=""3""",7,"=""[""","=""197213.351136821""","=""]""","=""0.000000004""","=""L22715c200"""
"=""1s.10g""","=""3G""","=""4""",9,"=""[""","=""197213.417554469""","=""]""","=""0.000000002""","=""L22715c200"""
"=""1s.10g""","=""3G""","=""5""",11,"=""[""","=""197213.417899815""","=""]""","=""0.000000002""","=""L22715c200"""
"=""1s.10g""","=""3G""","=""3""",7,"=""[""","=""197213.418214592""","=""]""","=""0.000000002""","=""L22715c200"""
"=""1s.10g""","=""1G""","=""4""",9,"=""[""","=""197213.418427564""","=""]""","=""0.000000002""","=""L22715c200"""
"=""1s.10h""","=""3H*""","=""5""",11,"=""[""","=""197213.434084501""","=""]""","=""0.000000002""","=""L22715c200"""
"=""1s.10h""","=""3H*""","=""6""",13,"=""[""","=""197213.434310043""","=""]""","=""0.000000002""","=""L22715c200"""
"=""1s.10h""","=""3H*""","=""4""",9,"=""[""","=""197213.434514748""","=""]""","=""0.000000002""","=""L22715c200"""
"=""1s.10h""","=""1H*""","=""5""",11,"=""[""","=""197213.434667510""","=""]""","=""0.000000002""","=""L22715c200"""
"=""1s.10i""","=""3I""","=""6""",13,"=""[""","=""197213.439409836""","=""]""","=""0.000000002""","=""L22715c200"""
"=""1s.10i""","=""3I""","=""7""",15,"=""[""","=""197213.439568031""","=""]""","=""0.000000002""","=""L22715c200"""
"=""1s.10i""","=""3I""","=""5""",11,"=""[""","=""197213.439712175""","=""]""","=""0.000000002""","=""L22715c200"""
"=""1s.10i""","=""1I""","=""6""",13,"=""[""","=""197213.439826698""","=""]""","=""0.000000002""","=""L22715c200"""
"=""1s.10k""","=""3K*""","=""7""",15,"=""[""","=""197213.441492353""","=""]""","=""0.000000002""","=""L22715c200"""
"=""1s.10k""","=""3K*""","=""8""",17,"=""[""","=""197213.441609333""","=""]""","=""0.000000002""","=""L22715c200"""
"=""1s.10k""","=""3K*""","=""6""",13,"=""[""","=""197213.441716480""","=""]""","=""0.000000002""","=""L22715c200"""
"=""1s.10k""","=""1K*""","=""7""",15,"=""[""","=""197213.441805201""","=""]""","=""0.000000002""","=""L22715c200"""
"=""1s.10p""","=""1P*""","=""1""",3,"=""[""","=""197216.086955998""","=""]""","=""0.000000067""","=""L22715c200"""
"=""1s.11s""","=""3S""","=""1""",3,"=""[""","=""197352.8485247""","=""]""","=""0.0000012""","=""L22715c201"""
"=""1s.11s""","=""1S""","=""0""",1,"=""[""","=""197380.3483057""","=""]""","=""0.0000013""","=""L22715c201"""
"=""1s.11p""","=""3P*""","=""2""",5,"=""[""","=""197392.52070404""","=""]""","=""0.00000047""","=""L22715c201"""
"=""1s.11p""","=""3P*""","=""1""",3,"=""[""","=""197392.52111329""","=""]""","=""0.00000047""","=""L22715c201"""
"=""1s.11p""","=""3P*""","=""0""",1,"=""[""","=""197392.52614428""","=""]""","=""0.00000048""","=""L22715c201"""
"=""1s.11d""","=""3D""","=""3""",7,"=""[""","=""197403.402787033""","=""]""","=""0.000000037""","=""L22715c201"""
"=""1s.11d""","=""3D""","=""2""",5,"=""[""","=""197403.402850184""","=""]""","=""0.000000037""","=""L22715c201"""
"=""1s.11d""","=""3D""","=""1""",3,"=""[""","=""197403.403735301""","=""]""","=""0.000000038""","=""L22715c201"""
"=""1s.11d""","=""1D""","=""2""",5,"=""[""","=""197403.526681001""","=""]""","=""0.000000024""","=""L22715c201"""
"=""1s.11f""","=""3F*""","=""3""",7,"=""[""","=""197403.799390661""","=""]""","=""0.000000008""","=""L22715c201"""
"=""1s.11f""","=""3F*""","=""4""",9,"=""[""","=""197403.799607915""","=""]""","=""0.000000006""","=""L22715c201"""
"=""1s.11f""","=""3F*""","=""2""",5,"=""[""","=""197403.800021767""","=""]""","=""0.000000006""","=""L22715c201"""
"=""1s.11f""","=""1F*""","=""3""",7,"=""[""","=""197403.800710769""","=""]""","=""0.000000007""","=""L22715c201"""
"=""1s.11g""","=""3G""","=""4""",9,"=""[""","=""197403.850867196""","=""]""","=""0.000000003""","=""L22715c201"""
"=""1s.11g""","=""3G""","=""5""",11,"=""[""","=""197403.851126601""","=""]""","=""0.000000002""","=""L22715c201"""
"=""1s.11g""","=""3G""","=""3""",7,"=""[""","=""197403.851363093""","=""]""","=""0.000000003""","=""L22715c201"""
"=""1s.11g""","=""1G""","=""4""",9,"=""[""","=""197403.851523168""","=""]""","=""0.000000002""","=""L22715c201"""
"=""1s.11h""","=""3H*""","=""5""",11,"=""[""","=""197403.863390333""","=""]""","=""0.000000002""","=""L22715c201"""
"=""1s.11h""","=""3H*""","=""6""",13,"=""[""","=""197403.863559786""","=""]""","=""0.000000002""","=""L22715c201"""
"=""1s.11h""","=""3H*""","=""4""",9,"=""[""","=""197403.863713582""","=""]""","=""0.000000002""","=""L22715c201"""
"=""1s.11h""","=""1H*""","=""5""",11,"=""[""","=""197403.863828356""","=""]""","=""0.000000002""","=""L22715c201"""
"=""1s.11i""","=""3I""","=""6""",13,"=""[""","=""197403.867440618""","=""]""","=""0.000000002""","=""L22715c201"""
"=""1s.11i""","=""3I""","=""7""",15,"=""[""","=""197403.867559473""","=""]""","=""0.000000002""","=""L22715c201"""
"=""1s.11i""","=""3I""","=""5""",11,"=""[""","=""197403.867667770""","=""]""","=""0.000000002""","=""L22715c201"""
"=""1s.11i""","=""1I""","=""6""",13,"=""[""","=""197403.867753813""","=""]""","=""0.000000002""","=""L22715c201"""
"=""1s.11p""","=""1P*""","=""1""",3,"=""[""","=""197405.859192068""","=""]""","=""0.000000072""","=""L22715c201"""
"=""1s.12s""","=""3S""","=""1""",3,"=""[""","=""197509.5500599""","=""]""","=""0.0000010""","=""L22715c201"""
"=""1s.12s""","=""1S""","=""0""",1,"=""[""","=""197530.6221365""","=""]""","=""0.0000011""","=""L22715c201"""
"=""1s.12p""","=""3P*""","=""2""",5,"=""[""","=""197539.96726694""","=""]""","=""0.00000038""","=""L22715c201"""
"=""1s.12p""","=""3P*""","=""1""",3,"=""[""","=""197539.96758147""","=""]""","=""0.00000038""","=""L22715c201"""
"=""1s.12p""","=""3P*""","=""0""",1,"=""[""","=""197539.97144863""","=""]""","=""0.00000040""","=""L22715c201"""
"=""1s.12d""","=""3D""","=""3""",7,"=""[""","=""197548.344633690""","=""]""","=""0.000000033""","=""L22715c201"""
"=""1s.12d""","=""3D""","=""2""",5,"=""[""","=""197548.344682420""","=""]""","=""0.000000033""","=""L22715c201"""
"=""1s.12d""","=""3D""","=""1""",3,"=""[""","=""197548.345364072""","=""]""","=""0.000000034""","=""L22715c201"""
"=""1s.12d""","=""1D""","=""2""",5,"=""[""","=""197548.440606132""","=""]""","=""0.000000022""","=""L22715c201"""
"=""1s.12f""","=""3F*""","=""3""",7,"=""[""","=""197548.650885311""","=""]""","=""0.000000009""","=""L22715c201"""
"=""1s.12f""","=""3F*""","=""4""",9,"=""[""","=""197548.651050518""","=""]""","=""0.000000005""","=""L22715c201"""
"=""1s.12f""","=""3F*""","=""2""",5,"=""[""","=""197548.651369277""","=""]""","=""0.000000006""","=""L22715c201"""
"=""1s.12f""","=""1F*""","=""3""",7,"=""[""","=""197548.651907758""","=""]""","=""0.000000007""","=""L22715c201"""
"=""1s.12g""","=""3G""","=""4""",9,"=""[""","=""197548.690690800""","=""]""","=""0.000000003""","=""L22715c201"""
"=""1s.12g""","=""3G""","=""5""",11,"=""[""","=""197548.690890572""","=""]""","=""0.000000002""","=""L22715c201"""
"=""1s.12g""","=""3G""","=""3""",7,"=""[""","=""197548.691072729""","=""]""","=""0.000000003""","=""L22715c201"""
"=""1s.12g""","=""1G""","=""4""",9,"=""[""","=""197548.691196066""","=""]""","=""0.000000002""","=""L22715c201"""
"=""1s.12h""","=""3H*""","=""5""",11,"=""[""","=""197548.700397656""","=""]""","=""0.000000002""","=""L22715c201"""
"=""1s.12h""","=""3H*""","=""6""",13,"=""[""","=""197548.700528178""","=""]""","=""0.000000002""","=""L22715c201"""
"=""1s.12h""","=""3H*""","=""4""",9,"=""[""","=""197548.700646639""","=""]""","=""0.000000002""","=""L22715c201"""
"=""1s.12h""","=""1H*""","=""5""",11,"=""[""","=""197548.700735045""","=""]""","=""0.000000002""","=""L22715c201"""
"=""1s.12i""","=""3I""","=""6""",13,"=""[""","=""197548.703546276""","=""]""","=""0.000000002""","=""L22715c201"""
"=""1s.12i""","=""3I""","=""7""",15,"=""[""","=""197548.703637824""","=""]""","=""0.000000002""","=""L22715c201"""
"=""1s.12i""","=""3I""","=""5""",11,"=""[""","=""197548.703721241""","=""]""","=""0.000000002""","=""L22715c201"""
"=""1s.12i""","=""1I""","=""6""",13,"=""[""","=""197548.703787516""","=""]""","=""0.000000002""","=""L22715c201"""
"=""1s.12p""","=""1P*""","=""1""",3,"=""[""","=""197550.239243971""","=""]""","=""0.000000059""","=""L22715c201"""
"=""1s.13s""","=""3S""","=""1""",3,"=""[""","=""197630.71966197""","=""]""","=""0.00000083""","=""L22715c201"""
"=""1s.13s""","=""1S""","=""0""",1,"=""[""","=""197647.22103015""","=""]""","=""0.00000090""","=""L22715c201"""
"=""1s.13p""","=""3P*""","=""2""",5,"=""[""","=""197654.55132168""","=""]""","=""0.00000032""","=""L22715c201"""
"=""1s.13p""","=""3P*""","=""1""",3,"=""[""","=""197654.55156861""","=""]""","=""0.00000032""","=""L22715c201"""
"=""1s.13p""","=""3P*""","=""0""",1,"=""[""","=""197654.55460503""","=""]""","=""0.00000033""","=""L22715c201"""
"=""1s.13d""","=""3D""","=""3""",7,"=""[""","=""197661.137156976""","=""]""","=""0.000000030""","=""L22715c201"""
"=""1s.13d""","=""3D""","=""2""",5,"=""[""","=""197661.137195356""","=""]""","=""0.000000030""","=""L22715c201"""
"=""1s.13d""","=""3D""","=""1""",3,"=""[""","=""197661.137731423""","=""]""","=""0.000000030""","=""L22715c201"""
"=""1s.13d""","=""1D""","=""2""",5,"=""[""","=""197661.212973716""","=""]""","=""0.000000020""","=""L22715c201"""
"=""1s.13f""","=""3F*""","=""3""",7,"=""[""","=""197661.378500275""","=""]""","=""0.000000009""","=""L22715c201"""
"=""1s.13f""","=""3F*""","=""4""",9,"=""[""","=""197661.378628917""","=""]""","=""0.000000004""","=""L22715c201"""
"=""1s.13f""","=""3F*""","=""2""",5,"=""[""","=""197661.378879622""","=""]""","=""0.000000005""","=""L22715c201"""
"=""1s.13f""","=""1F*""","=""3""",7,"=""[""","=""197661.379307962""","=""]""","=""0.000000007""","=""L22715c201"""
"=""1s.13g""","=""3G""","=""4""",9,"=""[""","=""197661.409903542""","=""]""","=""0.000000003""","=""L22715c201"""
"=""1s.13g""","=""3G""","=""5""",11,"=""[""","=""197661.410060646""","=""]""","=""0.000000002""","=""L22715c201"""
"=""1s.13g""","=""3G""","=""3""",7,"=""[""","=""197661.410203915""","=""]""","=""0.000000003""","=""L22715c201"""
"=""1s.13g""","=""1G""","=""4""",9,"=""[""","=""197661.410300948""","=""]""","=""0.000000002""","=""L22715c201"""
"=""1s.13h""","=""3H*""","=""5""",11,"=""[""","=""197661.417575492""","=""]""","=""0.000000002""","=""L22715c201"""
"=""1s.13h""","=""3H*""","=""6""",13,"=""[""","=""197661.417678150""","=""]""","=""0.000000002""","=""L22715c201"""
"=""1s.13h""","=""3H*""","=""4""",9,"=""[""","=""197661.417771323""","=""]""","=""0.000000002""","=""L22715c201"""
"=""1s.13h""","=""1H*""","=""5""",11,"=""[""","=""197661.417840857""","=""]""","=""0.000000002""","=""L22715c201"""
"=""1s.13i""","=""3I""","=""6""",13,"=""[""","=""197661.420069637""","=""]""","=""0.000000002""","=""L22715c201"""
"=""1s.13i""","=""3I""","=""7""",15,"=""[""","=""197661.420141642""","=""]""","=""0.000000002""","=""L22715c201"""
"=""1s.13i""","=""3I""","=""5""",11,"=""[""","=""197661.420207251""","=""]""","=""0.000000002""","=""L22715c201"""
"=""1s.13i""","=""1I""","=""6""",13,"=""[""","=""197661.420259378""","=""]""","=""0.000000002""","=""L22715c201"""
"=""1s.13p""","=""1P*""","=""1""",3,"=""[""","=""197662.628889776""","=""]""","=""0.000000050""","=""L22715c201"""
"=""1s.14s""","=""3S""","=""1""",3,"=""[""","=""197726.34122257""","=""]""","=""0.00000069""","=""L22715c201"""
"=""1s.14s""","=""1S""","=""0""",1,"=""[""","=""197739.50383693""","=""]""","=""0.00000076""","=""L22715c201"""
"=""1s.14p""","=""3P*""","=""2""",5,"=""[""","=""197745.35952578""","=""]""","=""0.00000027""","=""L22715c201"""
"=""1s.14p""","=""3P*""","=""1""",3,"=""[""","=""197745.35972319""","=""]""","=""0.00000027""","=""L22715c201"""
"=""1s.14p""","=""3P*""","=""0""",1,"=""[""","=""197745.36215081""","=""]""","=""0.00000028""","=""L22715c201"""
"=""1s.14d""","=""3D""","=""3""",7,"=""[""","=""197750.630253431""","=""]""","=""0.000000026""","=""L22715c201"""
"=""1s.14d""","=""3D""","=""2""",5,"=""[""","=""197750.630284194""","=""]""","=""0.000000026""","=""L22715c201"""
"=""1s.14d""","=""3D""","=""1""",3,"=""[""","=""197750.630713352""","=""]""","=""0.000000027""","=""L22715c201"""
"=""1s.14d""","=""1D""","=""2""",5,"=""[""","=""197750.691167177""","=""]""","=""0.000000018""","=""L22715c201"""
"=""1s.14f""","=""3F*""","=""3""",7,"=""[""","=""197750.823783348""","=""]""","=""0.000000008""","=""L22715c201"""
"=""1s.14f""","=""3F*""","=""4""",9,"=""[""","=""197750.823885526""","=""]""","=""0.000000004""","=""L22715c201"""
"=""1s.14f""","=""3F*""","=""2""",5,"=""[""","=""197750.824086249""","=""]""","=""0.000000004""","=""L22715c201"""
"=""1s.14f""","=""1F*""","=""3""",7,"=""[""","=""197750.824432283""","=""]""","=""0.000000007""","=""L22715c201"""
"=""1s.14g""","=""3G""","=""4""",9,"=""[""","=""197750.848987031""","=""]""","=""0.000000002""","=""L22715c201"""
"=""1s.14g""","=""3G""","=""5""",11,"=""[""","=""197750.849112803""","=""]""","=""0.000000002""","=""L22715c201"""
"=""1s.14g""","=""3G""","=""3""",7,"=""[""","=""197750.849227511""","=""]""","=""0.000000002""","=""L22715c201"""
"=""1s.14g""","=""1G""","=""4""",9,"=""[""","=""197750.849305216""","=""]""","=""0.000000002""","=""L22715c201"""
"=""1s.14h""","=""3H*""","=""5""",11,"=""[""","=""197750.855153284""","=""]""","=""0.000000002""","=""L22715c201"""
"=""1s.14h""","=""3H*""","=""6""",13,"=""[""","=""197750.855235478""","=""]""","=""0.000000002""","=""L22715c201"""
"=""1s.14h""","=""3H*""","=""4""",9,"=""[""","=""197750.855310077""","=""]""","=""0.000000002""","=""L22715c201"""
"=""1s.14h""","=""1H*""","=""5""",11,"=""[""","=""197750.855365750""","=""]""","=""0.000000002""","=""L22715c201"""
"=""1s.14i""","=""3I""","=""6""",13,"=""[""","=""197750.857161461""","=""]""","=""0.000000002""","=""L22715c201"""
"=""1s.14i""","=""3I""","=""7""",15,"=""[""","=""197750.857219112""","=""]""","=""0.000000002""","=""L22715c201"""
"=""1s.14i""","=""3I""","=""5""",11,"=""[""","=""197750.857271642""","=""]""","=""0.000000002""","=""L22715c201"""
"=""1s.14i""","=""1I""","=""6""",13,"=""[""","=""197750.857313379""","=""]""","=""0.000000002""","=""L22715c201"""
"=""1s.14p""","=""1P*""","=""1""",3,"=""[""","=""197751.825621340""","=""]""","=""0.000000042""","=""L22715c201"""
"=""1s.15s""","=""3S""","=""1""",3,"=""[""","=""197803.12318198""","=""]""","=""0.00000058""","=""L22715c201"""
"=""1s.15s""","=""1S""","=""0""",1,"=""[""","=""197813.79035744""","=""]""","=""0.00000064""","=""L22715c201"""
"=""1s.15p""","=""3P*""","=""2""",5,"=""[""","=""197818.54202572""","=""]""","=""0.00000023""","=""L22715c201"""
"=""1s.15p""","=""3P*""","=""1""",3,"=""[""","=""197818.54218600""","=""]""","=""0.00000023""","=""L22715c201"""
"=""1s.15p""","=""3P*""","=""0""",1,"=""[""","=""197818.54415732""","=""]""","=""0.00000024""","=""L22715c201"""
"=""1s.15d""","=""3D""","=""3""",7,"=""[""","=""197822.825686886""","=""]""","=""0.000000023""","=""L22715c201"""
"=""1s.15d""","=""3D""","=""2""",5,"=""[""","=""197822.825711919""","=""]""","=""0.000000023""","=""L22715c201"""
"=""1s.15d""","=""3D""","=""1""",3,"=""[""","=""197822.826060809""","=""]""","=""0.000000023""","=""L22715c201"""
"=""1s.15d""","=""1D""","=""2""",5,"=""[""","=""197822.875350045""","=""]""","=""0.000000016""","=""L22715c201"""
"=""1s.15f""","=""3F*""","=""3""",7,"=""[""","=""197822.983228382""","=""]""","=""0.000000008""","=""L22715c201"""
"=""1s.15f""","=""3F*""","=""4""",9,"=""[""","=""197822.983310921""","=""]""","=""0.000000003""","=""L22715c201"""
"=""1s.15f""","=""3F*""","=""2""",5,"=""[""","=""197822.983474113""","=""]""","=""0.000000004""","=""L22715c201"""
"=""1s.15f""","=""1F*""","=""3""",7,"=""[""","=""197822.983757484""","=""]""","=""0.000000006""","=""L22715c201"""
"=""1s.15g""","=""3G""","=""4""",9,"=""[""","=""197823.003759575""","=""]""","=""0.000000002""","=""L22715c201"""
"=""1s.15g""","=""3G""","=""5""",11,"=""[""","=""197823.003861822""","=""]""","=""0.000000002""","=""L22715c201"""
"=""1s.15g""","=""3G""","=""3""",7,"=""[""","=""197823.003955084""","=""]""","=""0.000000002""","=""L22715c201"""
"=""1s.15g""","=""1G""","=""4""",9,"=""[""","=""197823.004018272""","=""]""","=""0.000000002""","=""L22715c201"""
"=""1s.15h""","=""3H*""","=""5""",11,"=""[""","=""197823.008788485""","=""]""","=""0.000000002""","=""L22715c201"""
"=""1s.15h""","=""3H*""","=""6""",13,"=""[""","=""197823.008855312""","=""]""","=""0.000000002""","=""L22715c201"""
"=""1s.15h""","=""3H*""","=""4""",9,"=""[""","=""197823.008915964""","=""]""","=""0.000000002""","=""L22715c201"""
"=""1s.15h""","=""1H*""","=""5""",11,"=""[""","=""197823.008961228""","=""]""","=""0.000000002""","=""L22715c201"""
"=""1s.15i""","=""3I""","=""6""",13,"=""[""","=""197823.010428570""","=""]""","=""0.000000002""","=""L22715c201"""
"=""1s.15i""","=""3I""","=""7""",15,"=""[""","=""197823.010475442""","=""]""","=""0.000000002""","=""L22715c201"""
"=""1s.15i""","=""3I""","=""5""",11,"=""[""","=""197823.010518151""","=""]""","=""0.000000002""","=""L22715c201"""
"=""1s.15i""","=""1I""","=""6""",13,"=""[""","=""197823.010552085""","=""]""","=""0.000000002""","=""L22715c201"""
"=""1s.15p""","=""1P*""","=""1""",3,"=""[""","=""197823.798226967""","=""]""","=""0.000000036""","=""L22715c201"""
"=""1s.16s""","=""3S""","=""1""",3,"=""[""","=""197865.70830808""","=""]""","=""0.00000049""","=""L22715c201"""
"=""1s.16s""","=""1S""","=""0""",1,"=""[""","=""197874.47304218""","=""]""","=""0.00000055""","=""L22715c201"""
"=""1s.16p""","=""3P*""","=""2""",5,"=""[""","=""197878.38176128""","=""]""","=""0.00000019""","=""L22715c201"""
"=""1s.16p""","=""3P*""","=""1""",3,"=""[""","=""197878.38189321""","=""]""","=""0.00000019""","=""L22715c201"""
"=""1s.16p""","=""3P*""","=""0""",1,"=""[""","=""197878.38351580""","=""]""","=""0.00000020""","=""L22715c201"""
"=""1s.16d""","=""3D""","=""3""",7,"=""[""","=""197881.910183618""","=""]""","=""0.000000021""","=""L22715c201"""
"=""1s.16d""","=""3D""","=""2""",5,"=""[""","=""197881.910204259""","=""]""","=""0.000000021""","=""L22715c201"""
"=""1s.16d""","=""3D""","=""1""",3,"=""[""","=""197881.910491713""","=""]""","=""0.000000021""","=""L22715c201"""
"=""1s.16d""","=""1D""","=""2""",5,"=""[""","=""197881.951197797""","=""]""","=""0.000000014""","=""L22715c201"""
"=""1s.16f""","=""3F*""","=""3""",7,"=""[""","=""197882.040124792""","=""]""","=""0.000000007""","=""L22715c201"""
"=""1s.16f""","=""3F*""","=""4""",9,"=""[""","=""197882.040192442""","=""]""","=""0.000000003""","=""L22715c201"""
"=""1s.16f""","=""3F*""","=""2""",5,"=""[""","=""197882.040326906""","=""]""","=""0.000000003""","=""L22715c201"""
"=""1s.16f""","=""1F*""","=""3""",7,"=""[""","=""197882.040561775""","=""]""","=""0.000000006""","=""L22715c201"""
"=""1s.16g""","=""3G""","=""4""",9,"=""[""","=""197882.057068724""","=""]""","=""0.000000002""","=""L22715c201"""
"=""1s.16g""","=""3G""","=""5""",11,"=""[""","=""197882.057152966""","=""]""","=""0.000000002""","=""L22715c201"""
"=""1s.16g""","=""3G""","=""3""",7,"=""[""","=""197882.057229811""","=""]""","=""0.000000002""","=""L22715c201"""
"=""1s.16g""","=""1G""","=""4""",9,"=""[""","=""197882.057281883""","=""]""","=""0.000000002""","=""L22715c201"""
"=""1s.16h""","=""3H*""","=""5""",11,"=""[""","=""197882.061222882""","=""]""","=""0.000000002""","=""L22715c201"""
"=""1s.16h""","=""3H*""","=""6""",13,"=""[""","=""197882.061277946""","=""]""","=""0.000000002""","=""L22715c201"""
"=""1s.16h""","=""3H*""","=""4""",9,"=""[""","=""197882.061327921""","=""]""","=""0.000000002""","=""L22715c201"""
"=""1s.16h""","=""1H*""","=""5""",11,"=""[""","=""197882.061365218""","=""]""","=""0.000000002""","=""L22715c201"""
"=""1s.16i""","=""3I""","=""6""",13,"=""[""","=""197882.062579235""","=""]""","=""0.000000002""","=""L22715c201"""
"=""1s.16i""","=""3I""","=""7""",15,"=""[""","=""197882.062617857""","=""]""","=""0.000000002""","=""L22715c201"""
"=""1s.16i""","=""3I""","=""5""",11,"=""[""","=""197882.062653048""","=""]""","=""0.000000002""","=""L22715c201"""
"=""1s.16i""","=""1I""","=""6""",13,"=""[""","=""197882.062681008""","=""]""","=""0.000000002""","=""L22715c201"""
"=""1s.16p""","=""1P*""","=""1""",3,"=""[""","=""197882.711980789""","=""]""","=""0.000000031""","=""L22715c201"""
"=""1s.17s""","=""3S""","=""1""",3,"=""[""","=""197917.39252023""","=""]""","=""0.00000042""","=""L22715c201"""
"=""1s.17s""","=""1S""","=""0""",1,"=""[""","=""197924.68161955""","=""]""","=""0.00000047""","=""L22715c201"""
"=""1s.17p""","=""3P*""","=""2""",5,"=""[""","=""197927.93561059""","=""]""","=""0.00000017""","=""L22715c201"""
"=""1s.17p""","=""3P*""","=""1""",3,"=""[""","=""197927.93572047""","=""]""","=""0.00000017""","=""L22715c201"""
"=""1s.17p""","=""3P*""","=""0""",1,"=""[""","=""197927.93707198""","=""]""","=""0.00000017""","=""L22715c201"""
"=""1s.17d""","=""3D""","=""3""",7,"=""[""","=""197930.876375327""","=""]""","=""0.000000018""","=""L22715c201"""
"=""1s.17d""","=""3D""","=""2""",5,"=""[""","=""197930.876392546""","=""]""","=""0.000000018""","=""L22715c201"""
"=""1s.17d""","=""3D""","=""1""",3,"=""[""","=""197930.876632183""","=""]""","=""0.000000018""","=""L22715c201"""
"=""1s.17d""","=""1D""","=""2""",5,"=""[""","=""197930.910633313""","=""]""","=""0.000000013""","=""L22715c201"""
"=""1s.17f""","=""3F*""","=""3""",7,"=""[""","=""197930.984798502""","=""]""","=""0.000000007""","=""L22715c201"""
"=""1s.17f""","=""3F*""","=""4""",9,"=""[""","=""197930.984854654""","=""]""","=""0.000000003""","=""L22715c201"""
"=""1s.17f""","=""3F*""","=""2""",5,"=""[""","=""197930.984966756""","=""]""","=""0.000000003""","=""L22715c201"""
"=""1s.17f""","=""1F*""","=""3""",7,"=""[""","=""197930.985163525""","=""]""","=""0.000000005""","=""L22715c201"""
"=""1s.17g""","=""3G""","=""4""",9,"=""[""","=""197930.998943251""","=""]""","=""0.000000002""","=""L22715c201"""
"=""1s.17g""","=""3G""","=""5""",11,"=""[""","=""197930.999013480""","=""]""","=""0.000000002""","=""L22715c201"""
"=""1s.17g""","=""3G""","=""3""",7,"=""[""","=""197930.999077546""","=""]""","=""0.000000002""","=""L22715c201"""
"=""1s.17g""","=""1G""","=""4""",9,"=""[""","=""197930.999120963""","=""]""","=""0.000000002""","=""L22715c201"""
"=""1s.17h""","=""3H*""","=""5""",11,"=""[""","=""197931.002413830""","=""]""","=""0.000000002""","=""L22715c201"""
"=""1s.17h""","=""3H*""","=""6""",13,"=""[""","=""197931.002459737""","=""]""","=""0.000000002""","=""L22715c201"""
"=""1s.17h""","=""3H*""","=""4""",9,"=""[""","=""197931.002501402""","=""]""","=""0.000000002""","=""L22715c201"""
"=""1s.17h""","=""1H*""","=""5""",11,"=""[""","=""197931.002532496""","=""]""","=""0.000000002""","=""L22715c201"""
"=""1s.17i""","=""3I""","=""6""",13,"=""[""","=""197931.003548060""","=""]""","=""0.000000002""","=""L22715c201"""
"=""1s.17i""","=""3I""","=""7""",15,"=""[""","=""197931.003580260""","=""]""","=""0.000000002""","=""L22715c201"""
"=""1s.17i""","=""3I""","=""5""",11,"=""[""","=""197931.003609599""","=""]""","=""0.000000002""","=""L22715c201"""
"=""1s.17i""","=""1I""","=""6""",13,"=""[""","=""197931.003632909""","=""]""","=""0.000000002""","=""L22715c201"""
"=""1s.17p""","=""1P*""","=""1""",3,"=""[""","=""197931.545150819""","=""]""","=""0.000000026""","=""L22715c201"""
"=""1s.18s""","=""3S""","=""1""",3,"=""[""","=""197960.56793919""","=""]""","=""0.00000036""","=""L22715c201"""
"=""1s.18s""","=""1S""","=""0""",1,"=""[""","=""197966.69492260""","=""]""","=""0.00000041""","=""L22715c201"""
"=""1s.18p""","=""3P*""","=""2""",5,"=""[""","=""197969.43265746""","=""]""","=""0.00000014""","=""L22715c201"""
"=""1s.18p""","=""3P*""","=""1""",3,"=""[""","=""197969.43274994""","=""]""","=""0.00000014""","=""L22715c201"""
"=""1s.18p""","=""3P*""","=""0""",1,"=""[""","=""197969.43388755""","=""]""","=""0.00000015""","=""L22715c201"""
"=""1s.18d""","=""3D""","=""3""",7,"=""[""","=""197971.909331822""","=""]""","=""0.000000016""","=""L22715c201"""
"=""1s.18d""","=""3D""","=""2""",5,"=""[""","=""197971.909346335""","=""]""","=""0.000000016""","=""L22715c201"""
"=""1s.18d""","=""3D""","=""1""",3,"=""[""","=""197971.909548199""","=""]""","=""0.000000016""","=""L22715c201"""
"=""1s.18d""","=""1D""","=""2""",5,"=""[""","=""197971.938236753""","=""]""","=""0.000000011""","=""L22715c201"""
"=""1s.18f""","=""3F*""","=""3""",7,"=""[""","=""197972.000733505""","=""]""","=""0.000000006""","=""L22715c201"""
"=""1s.18f""","=""3F*""","=""4""",9,"=""[""","=""197972.000780635""","=""]""","=""0.000000002""","=""L22715c201"""
"=""1s.18f""","=""3F*""","=""2""",5,"=""[""","=""197972.000875070""","=""]""","=""0.000000003""","=""L22715c201"""
"=""1s.18f""","=""1F*""","=""3""",7,"=""[""","=""197972.001041510""","=""]""","=""0.000000005""","=""L22715c201"""
"=""1s.18g""","=""3G""","=""4""",9,"=""[""","=""197972.012662388""","=""]""","=""0.000000002""","=""L22715c201"""
"=""1s.18g""","=""3G""","=""5""",11,"=""[""","=""197972.012721548""","=""]""","=""0.000000002""","=""L22715c201"""
"=""1s.18g""","=""3G""","=""3""",7,"=""[""","=""197972.012775518""","=""]""","=""0.000000002""","=""L22715c201"""
"=""1s.18g""","=""1G""","=""4""",9,"=""[""","=""197972.012812097""","=""]""","=""0.000000002""","=""L22715c201"""
"=""1s.18h""","=""3H*""","=""5""",11,"=""[""","=""197972.015591182""","=""]""","=""0.000000002""","=""L22715c201"""
"=""1s.18h""","=""3H*""","=""6""",13,"=""[""","=""197972.015629855""","=""]""","=""0.000000002""","=""L22715c201"""
"=""1s.18h""","=""3H*""","=""4""",9,"=""[""","=""197972.015664954""","=""]""","=""0.000000002""","=""L22715c201"""
"=""1s.18h""","=""1H*""","=""5""",11,"=""[""","=""197972.015691148""","=""]""","=""0.000000002""","=""L22715c201"""
"=""1s.18i""","=""3I""","=""6""",13,"=""[""","=""197972.016549103""","=""]""","=""0.000000002""","=""L22715c201"""
"=""1s.18i""","=""3I""","=""7""",15,"=""[""","=""197972.016576228""","=""]""","=""0.000000002""","=""L22715c201"""
"=""1s.18i""","=""3I""","=""5""",11,"=""[""","=""197972.016600944""","=""]""","=""0.000000002""","=""L22715c201"""
"=""1s.18i""","=""1I""","=""6""",13,"=""[""","=""197972.016620581""","=""]""","=""0.000000002""","=""L22715c201"""
"=""1s.18p""","=""1P*""","=""1""",3,"=""[""","=""197972.472944010""","=""]""","=""0.000000023""","=""L22715c201"""
"=""1s.19s""","=""3S""","=""1""",3,"=""[""","=""197997.00477300""","=""]""","=""0.00000031""","=""L22715c201"""
"=""1s.19s""","=""1S""","=""0""",1,"=""[""","=""198002.20412415""","=""]""","=""0.00000035""","=""L22715c201"""
"=""1s.19p""","=""3P*""","=""2""",5,"=""[""","=""198004.52931033""","=""]""","=""0.00000012""","=""L22715c201"""
"=""1s.19p""","=""3P*""","=""1""",3,"=""[""","=""198004.52938891""","=""]""","=""0.00000012""","=""L22715c201"""
"=""1s.19p""","=""3P*""","=""0""",1,"=""[""","=""198004.53035549""","=""]""","=""0.00000013""","=""L22715c201"""
"=""1s.19d""","=""3D""","=""3""",7,"=""[""","=""198006.634620666""","=""]""","=""0.000000014""","=""L22715c201"""
"=""1s.19d""","=""3D""","=""2""",5,"=""[""","=""198006.634633011""","=""]""","=""0.000000014""","=""L22715c201"""
"=""1s.19d""","=""3D""","=""1""",3,"=""[""","=""198006.634804641""","=""]""","=""0.000000014""","=""L22715c201"""
"=""1s.19d""","=""1D""","=""2""",5,"=""[""","=""198006.659230206""","=""]""","=""0.000000010""","=""L22715c201"""
"=""1s.19f""","=""3F*""","=""3""",7,"=""[""","=""198006.712382529""","=""]""","=""0.000000005""","=""L22715c201"""
"=""1s.19f""","=""3F*""","=""4""",9,"=""[""","=""198006.712422477""","=""]""","=""0.000000002""","=""L22715c201"""
"=""1s.19f""","=""3F*""","=""2""",5,"=""[""","=""198006.712502772""","=""]""","=""0.000000002""","=""L22715c201"""
"=""1s.19f""","=""1F*""","=""3""",7,"=""[""","=""198006.712644780""","=""]""","=""0.000000004""","=""L22715c201"""
"=""1s.19g""","=""3G""","=""4""",9,"=""[""","=""198006.722534686""","=""]""","=""0.000000002""","=""L22715c201"""
"=""1s.19g""","=""3G""","=""5""",11,"=""[""","=""198006.722584985""","=""]""","=""0.000000002""","=""L22715c201"""
"=""1s.19g""","=""3G""","=""3""",7,"=""[""","=""198006.722630874""","=""]""","=""0.000000002""","=""L22715c201"""
"=""1s.19g""","=""1G""","=""4""",9,"=""[""","=""198006.722661979""","=""]""","=""0.000000002""","=""L22715c201"""
"=""1s.19h""","=""3H*""","=""5""",11,"=""[""","=""198006.725028623""","=""]""","=""0.000000002""","=""L22715c201"""
"=""1s.19h""","=""3H*""","=""6""",13,"=""[""","=""198006.725061505""","=""]""","=""0.000000002""","=""L22715c201"""
"=""1s.19h""","=""3H*""","=""4""",9,"=""[""","=""198006.725091349""","=""]""","=""0.000000002""","=""L22715c201"""
"=""1s.19h""","=""1H*""","=""5""",11,"=""[""","=""198006.725113621""","=""]""","=""0.000000002""","=""L22715c201"""
"=""1s.19i""","=""3I""","=""6""",13,"=""[""","=""198006.725844857""","=""]""","=""0.000000002""","=""L22715c201"""
"=""1s.19i""","=""3I""","=""7""",15,"=""[""","=""198006.725867921""","=""]""","=""0.000000002""","=""L22715c201"""
"=""1s.19i""","=""3I""","=""5""",11,"=""[""","=""198006.725888936""","=""]""","=""0.000000002""","=""L22715c201"""
"=""1s.19i""","=""1I""","=""6""",13,"=""[""","=""198006.725905633""","=""]""","=""0.000000002""","=""L22715c201"""
"=""1s.19p""","=""1P*""","=""1""",3,"=""[""","=""198007.114003470""","=""]""","=""0.000000020""","=""L22715c201"""
"=""1s.20s""","=""3S""","=""1""",3,"=""[""","=""198028.03571813""","=""]""","=""0.00000027""","=""L22715c201"""
"=""1s.20s""","=""1S""","=""0""",1,"=""[""","=""198032.48563910""","=""]""","=""0.00000031""","=""L22715c201"""
"=""1s.20p""","=""3P*""","=""2""",5,"=""[""","=""198034.47719115""","=""]""","=""0.00000011""","=""L22715c201"""
"=""1s.20p""","=""3P*""","=""1""",3,"=""[""","=""198034.47725848""","=""]""","=""0.00000011""","=""L22715c201"""
"=""1s.20p""","=""3P*""","=""0""",1,"=""[""","=""198034.47808666""","=""]""","=""0.00000011""","=""L22715c201"""
"=""1s.20d""","=""3D""","=""3""",7,"=""[""","=""198036.281816795""","=""]""","=""0.000000013""","=""L22715c201"""
"=""1s.20d""","=""3D""","=""2""",5,"=""[""","=""198036.281827383""","=""]""","=""0.000000013""","=""L22715c201"""
"=""1s.20d""","=""3D""","=""1""",3,"=""[""","=""198036.281974527""","=""]""","=""0.000000013""","=""L22715c201"""
"=""1s.20d""","=""1D""","=""2""",5,"=""[""","=""198036.302940206""","=""]""","=""0.000000009""","=""L22715c201"""
"=""1s.20f""","=""3F*""","=""3""",7,"=""[""","=""198036.348521337""","=""]""","=""0.000000005""","=""L22715c201"""
"=""1s.20f""","=""3F*""","=""4""",9,"=""[""","=""198036.348555495""","=""]""","=""0.000000002""","=""L22715c201"""
"=""1s.20f""","=""3F*""","=""2""",5,"=""[""","=""198036.348624337""","=""]""","=""0.000000002""","=""L22715c201"""
"=""1s.20f""","=""1F*""","=""3""",7,"=""[""","=""198036.348746450""","=""]""","=""0.000000004""","=""L22715c201"""
"=""1s.20g""","=""3G""","=""4""",9,"=""[""","=""198036.357232414""","=""]""","=""0.000000002""","=""L22715c201"""
"=""1s.20g""","=""3G""","=""5""",11,"=""[""","=""198036.357275537""","=""]""","=""0.000000002""","=""L22715c201"""
"=""1s.20g""","=""3G""","=""3""",7,"=""[""","=""198036.357314881""","=""]""","=""0.000000002""","=""L22715c201"""
"=""1s.20g""","=""1G""","=""4""",9,"=""[""","=""198036.357341552""","=""]""","=""0.000000002""","=""L22715c201"""
"=""1s.20h""","=""3H*""","=""5""",11,"=""[""","=""198036.359373341""","=""]""","=""0.000000002""","=""L22715c201"""
"=""1s.20h""","=""3H*""","=""6""",13,"=""[""","=""198036.359401534""","=""]""","=""0.000000002""","=""L22715c201"""
"=""1s.20h""","=""3H*""","=""4""",9,"=""[""","=""198036.359427121""","=""]""","=""0.000000002""","=""L22715c201"""
"=""1s.20h""","=""1H*""","=""5""",11,"=""[""","=""198036.359446217""","=""]""","=""0.000000002""","=""L22715c201"""
"=""1s.20i""","=""3I""","=""6""",13,"=""[""","=""198036.360074435""","=""]""","=""0.000000002""","=""L22715c201"""
"=""1s.20i""","=""3I""","=""7""",15,"=""[""","=""198036.360094210""","=""]""","=""0.000000002""","=""L22715c201"""
"=""1s.20i""","=""3I""","=""5""",11,"=""[""","=""198036.360112227""","=""]""","=""0.000000002""","=""L22715c201"""
"=""1s.20i""","=""1I""","=""6""",13,"=""[""","=""198036.360126543""","=""]""","=""0.000000002""","=""L22715c201"""
"=""1s.20p""","=""1P*""","=""1""",3,"=""[""","=""198036.692945787""","=""]""","=""0.000000017""","=""L22715c201"""
"=""1s.21s""","=""3S""","=""1""",3,"=""[""","=""198054.67958552""","=""]""","=""0.00000024""","=""L22715c201"""
"=""1s.21s""","=""1S""","=""0""",1,"=""[""","=""198058.51746024""","=""]""","=""0.00000027""","=""L22715c201"""
"=""1s.21p""","=""3P*""","=""2""",5,"=""[""","=""198060.236286980""","=""]""","=""0.000000096""","=""L22715c201"""
"=""1s.21p""","=""3P*""","=""1""",3,"=""[""","=""198060.236345101""","=""]""","=""0.000000096""","=""L22715c201"""
"=""1s.21p""","=""3P*""","=""0""",1,"=""[""","=""198060.23706011""","=""]""","=""0.00000010""","=""L22715c201"""
"=""1s.21d""","=""3D""","=""3""",7,"=""[""","=""198061.794862646""","=""]""","=""0.000000011""","=""L22715c201"""
"=""1s.21d""","=""3D""","=""2""",5,"=""[""","=""198061.794871796""","=""]""","=""0.000000011""","=""L22715c201"""
"=""1s.21d""","=""3D""","=""1""",3,"=""[""","=""198061.794998900""","=""]""","=""0.000000011""","=""L22715c201"""
"=""1s.21d""","=""1D""","=""2""",5,"=""[""","=""198061.813127526""","=""]""","=""0.000000008""","=""L22715c201"""
"=""1s.21f""","=""3F*""","=""3""",7,"=""[""","=""198061.852509380""","=""]""","=""0.000000004""","=""L22715c201"""
"=""1s.21f""","=""3F*""","=""4""",9,"=""[""","=""198061.852538819""","=""]""","=""0.000000002""","=""L22715c201"""
"=""1s.21f""","=""3F*""","=""2""",5,"=""[""","=""198061.852598288""","=""]""","=""0.000000002""","=""L22715c201"""
"=""1s.21f""","=""1F*""","=""3""",7,"=""[""","=""198061.852704041""","=""]""","=""0.000000004""","=""L22715c201"""
"=""1s.21g""","=""3G""","=""4""",9,"=""[""","=""198061.860039444""","=""]""","=""0.000000002""","=""L22715c201"""
"=""1s.21g""","=""3G""","=""5""",11,"=""[""","=""198061.860076695""","=""]""","=""0.000000002""","=""L22715c201"""
"=""1s.21g""","=""3G""","=""3""",7,"=""[""","=""198061.860110682""","=""]""","=""0.000000002""","=""L22715c201"""
"=""1s.21g""","=""1G""","=""4""",9,"=""[""","=""198061.860133721""","=""]""","=""0.000000002""","=""L22715c201"""
"=""1s.21h""","=""3H*""","=""5""",11,"=""[""","=""198061.861890856""","=""]""","=""0.000000002""","=""L22715c201"""
"=""1s.21h""","=""3H*""","=""6""",13,"=""[""","=""198061.861915210""","=""]""","=""0.000000002""","=""L22715c201"""
"=""1s.21h""","=""3H*""","=""4""",9,"=""[""","=""198061.861937314""","=""]""","=""0.000000002""","=""L22715c201"""
"=""1s.21h""","=""1H*""","=""5""",11,"=""[""","=""198061.861953810""","=""]""","=""0.000000002""","=""L22715c201"""
"=""1s.21i""","=""3I""","=""6""",13,"=""[""","=""198061.862497435""","=""]""","=""0.000000002""","=""L22715c201"""
"=""1s.21i""","=""3I""","=""7""",15,"=""[""","=""198061.862514518""","=""]""","=""0.000000002""","=""L22715c201"""
"=""1s.21i""","=""3I""","=""5""",11,"=""[""","=""198061.862530083""","=""]""","=""0.000000002""","=""L22715c201"""
"=""1s.21i""","=""1I""","=""6""",13,"=""[""","=""198061.862542449""","=""]""","=""0.000000002""","=""L22715c201"""
"=""1s.21p""","=""1P*""","=""1""",3,"=""[""","=""198062.150099712""","=""]""","=""0.000000015""","=""L22715c201"""
"=""1s.22s""","=""3S""","=""1""",3,"=""[""","=""198077.72601083""","=""]""","=""0.00000021""","=""L22715c201"""
"=""1s.22s""","=""1S""","=""0""",1,"=""[""","=""198081.05913013""","=""]""","=""0.00000024""","=""L22715c201"""
"=""1s.22p""","=""3P*""","=""2""",5,"=""[""","=""198082.552848976""","=""]""","=""0.000000085""","=""L22715c201"""
"=""1s.22p""","=""3P*""","=""1""",3,"=""[""","=""198082.552899500""","=""]""","=""0.000000084""","=""L22715c201"""
"=""1s.22p""","=""3P*""","=""0""",1,"=""[""","=""198082.553521045""","=""]""","=""0.000000089""","=""L22715c201"""
"=""1s.22d""","=""3D""","=""3""",7,"=""[""","=""198083.908144046""","=""]""","=""0.000000010""","=""L22715c201"""
"=""1s.22d""","=""3D""","=""2""",5,"=""[""","=""198083.908152005""","=""]""","=""0.000000010""","=""L22715c201"""
"=""1s.22d""","=""3D""","=""1""",3,"=""[""","=""198083.908262549""","=""]""","=""0.000000010""","=""L22715c201"""
"=""1s.22d""","=""1D""","=""2""",5,"=""[""","=""198083.924043073""","=""]""","=""0.000000007""","=""L22715c201"""
"=""1s.22f""","=""3F*""","=""3""",7,"=""[""","=""198083.958300463""","=""]""","=""0.000000004""","=""L22715c201"""
"=""1s.22f""","=""3F*""","=""4""",9,"=""[""","=""198083.958326017""","=""]""","=""0.000000002""","=""L22715c201"""
"=""1s.22f""","=""3F*""","=""2""",5,"=""[""","=""198083.958377738""","=""]""","=""0.000000002""","=""L22715c201"""
"=""1s.22f""","=""1F*""","=""3""",7,"=""[""","=""198083.958469918""","=""]""","=""0.000000003""","=""L22715c201"""
"=""1s.22g""","=""3G""","=""4""",9,"=""[""","=""198083.964853518""","=""]""","=""0.000000002""","=""L22715c201"""
"=""1s.22g""","=""3G""","=""5""",11,"=""[""","=""198083.964885915""","=""]""","=""0.000000002""","=""L22715c201"""
"=""1s.22g""","=""3G""","=""3""",7,"=""[""","=""198083.964915474""","=""]""","=""0.000000002""","=""L22715c201"""
"=""1s.22g""","=""1G""","=""4""",9,"=""[""","=""198083.964935515""","=""]""","=""0.000000002""","=""L22715c201"""
"=""1s.22h""","=""3H*""","=""5""",11,"=""[""","=""198083.966465273""","=""]""","=""0.000000002""","=""L22715c201"""
"=""1s.22h""","=""3H*""","=""6""",13,"=""[""","=""198083.966486454""","=""]""","=""0.000000002""","=""L22715c201"""
"=""1s.22h""","=""3H*""","=""4""",9,"=""[""","=""198083.966505678""","=""]""","=""0.000000002""","=""L22715c201"""
"=""1s.22h""","=""1H*""","=""5""",11,"=""[""","=""198083.966520025""","=""]""","=""0.000000002""","=""L22715c201"""
"=""1s.22i""","=""3I""","=""6""",13,"=""[""","=""198083.966993554""","=""]""","=""0.000000002""","=""L22715c201"""
"=""1s.22i""","=""3I""","=""7""",15,"=""[""","=""198083.967008411""","=""]""","=""0.000000002""","=""L22715c201"""
"=""1s.22i""","=""3I""","=""5""",11,"=""[""","=""198083.967021948""","=""]""","=""0.000000002""","=""L22715c201"""
"=""1s.22i""","=""1I""","=""6""",13,"=""[""","=""198083.967032704""","=""]""","=""0.000000002""","=""L22715c201"""
"=""1s.22p""","=""1P*""","=""1""",3,"=""[""","=""198084.217175258""","=""]""","=""0.000000013""","=""L22715c201"""
"=""1s.23s""","=""3S""","=""1""",3,"=""[""","=""198097.79464470""","=""]""","=""0.00000018""","=""L22715c201"""
"=""1s.23s""","=""1S""","=""0""",1,"=""[""","=""198100.70778244""","=""]""","=""0.00000021""","=""L22715c201"""
"=""1s.23p""","=""3P*""","=""2""",5,"=""[""","=""198102.014054038""","=""]""","=""0.000000075""","=""L22715c201"""
"=""1s.23p""","=""3P*""","=""1""",3,"=""[""","=""198102.014098232""","=""]""","=""0.000000075""","=""L22715c201"""
"=""1s.23p""","=""3P*""","=""0""",1,"=""[""","=""198102.014641922""","=""]""","=""0.000000079""","=""L22715c201"""
"=""1s.23d""","=""3D""","=""3""",7,"=""[""","=""198103.199935043""","=""]""","=""0.000000009""","=""L22715c201"""
"=""1s.23d""","=""3D""","=""2""",5,"=""[""","=""198103.199942010""","=""]""","=""0.000000009""","=""L22715c201"""
"=""1s.23d""","=""3D""","=""1""",3,"=""[""","=""198103.200038750""","=""]""","=""0.000000009""","=""L22715c201"""
"=""1s.23d""","=""1D""","=""2""",5,"=""[""","=""198103.213859300""","=""]""","=""0.000000006""","=""L22715c201"""
"=""1s.23f""","=""3F*""","=""3""",7,"=""[""","=""198103.243843896""","=""]""","=""0.000000004""","=""L22715c201"""
"=""1s.23f""","=""3F*""","=""4""",9,"=""[""","=""198103.243866220""","=""]""","=""0.000000002""","=""L22715c201"""
"=""1s.23f""","=""3F*""","=""2""",5,"=""[""","=""198103.243911484""","=""]""","=""0.000000002""","=""L22715c201"""
"=""1s.23f""","=""1F*""","=""3""",7,"=""[""","=""198103.243992310""","=""]""","=""0.000000003""","=""L22715c201"""
"=""1s.23g""","=""3G""","=""4""",9,"=""[""","=""198103.249581768""","=""]""","=""0.000000002""","=""L22715c201"""
"=""1s.23g""","=""3G""","=""5""",11,"=""[""","=""198103.249610120""","=""]""","=""0.000000002""","=""L22715c201"""
"=""1s.23g""","=""3G""","=""3""",7,"=""[""","=""198103.249635989""","=""]""","=""0.000000002""","=""L22715c201"""
"=""1s.23g""","=""1G""","=""4""",9,"=""[""","=""198103.249653528""","=""]""","=""0.000000002""","=""L22715c201"""
"=""1s.23h""","=""3H*""","=""5""",11,"=""[""","=""198103.250993452""","=""]""","=""0.000000002""","=""L22715c201"""
"=""1s.23h""","=""3H*""","=""6""",13,"=""[""","=""198103.251011989""","=""]""","=""0.000000002""","=""L22715c201"""
"=""1s.23h""","=""3H*""","=""4""",9,"=""[""","=""198103.251028813""","=""]""","=""0.000000002""","=""L22715c201"""
"=""1s.23h""","=""1H*""","=""5""",11,"=""[""","=""198103.251041369""","=""]""","=""0.000000002""","=""L22715c201"""
"=""1s.23i""","=""3I""","=""6""",13,"=""[""","=""198103.251456326""","=""]""","=""0.000000002""","=""L22715c201"""
"=""1s.23i""","=""3I""","=""7""",15,"=""[""","=""198103.251469328""","=""]""","=""0.000000002""","=""L22715c201"""
"=""1s.23i""","=""3I""","=""5""",11,"=""[""","=""198103.251481175""","=""]""","=""0.000000002""","=""L22715c201"""
"=""1s.23i""","=""1I""","=""6""",13,"=""[""","=""198103.251490587""","=""]""","=""0.000000002""","=""L22715c201"""
"=""1s.23p""","=""1P*""","=""1""",3,"=""[""","=""198103.470436483""","=""]""","=""0.000000012""","=""L22715c201"""
"=""1s.24s""","=""3S""","=""1""",3,"=""[""","=""198115.37724604""","=""]""","=""0.00000016""","=""L22715c201"""
"=""1s.24s""","=""1S""","=""0""",1,"=""[""","=""198117.93810007""","=""]""","=""0.00000019""","=""L22715c201"""
"=""1s.24p""","=""3P*""","=""2""",5,"=""[""","=""198119.087026146""","=""]""","=""0.000000067""","=""L22715c201"""
"=""1s.24p""","=""3P*""","=""1""",3,"=""[""","=""198119.087065025""","=""]""","=""0.000000067""","=""L22715c201"""
"=""1s.24p""","=""3P*""","=""0""",1,"=""[""","=""198119.087543340""","=""]""","=""0.000000070""","=""L22715c201"""
"=""1s.24d""","=""3D""","=""3""",7,"=""[""","=""198120.130591066""","=""]""","=""0.000000008""","=""L22715c201"""
"=""1s.24d""","=""3D""","=""2""",5,"=""[""","=""198120.130597199""","=""]""","=""0.000000008""","=""L22715c201"""
"=""1s.24d""","=""3D""","=""1""",3,"=""[""","=""198120.130682341""","=""]""","=""0.000000008""","=""L22715c201"""
"=""1s.24d""","=""1D""","=""2""",5,"=""[""","=""198120.142854145""","=""]""","=""0.000000006""","=""L22715c201"""
"=""1s.24f""","=""3F*""","=""3""",7,"=""[""","=""198120.169247826""","=""]""","=""0.000000003""","=""L22715c201"""
"=""1s.24f""","=""3F*""","=""4""",9,"=""[""","=""198120.169267445""","=""]""","=""0.000000002""","=""L22715c201"""
"=""1s.24f""","=""3F*""","=""2""",5,"=""[""","=""198120.169307283""","=""]""","=""0.000000002""","=""L22715c201"""
"=""1s.24f""","=""1F*""","=""3""",7,"=""[""","=""198120.169378540""","=""]""","=""0.000000003""","=""L22715c201"""
"=""1s.24g""","=""3G""","=""4""",9,"=""[""","=""198120.174300205""","=""]""","=""0.000000002""","=""L22715c201"""
"=""1s.24g""","=""3G""","=""5""",11,"=""[""","=""198120.174325158""","=""]""","=""0.000000002""","=""L22715c201"""
"=""1s.24g""","=""3G""","=""3""",7,"=""[""","=""198120.174347926""","=""]""","=""0.000000002""","=""L22715c201"""
"=""1s.24g""","=""1G""","=""4""",9,"=""[""","=""198120.174363363""","=""]""","=""0.000000002""","=""L22715c201"""
"=""1s.24h""","=""3H*""","=""5""",11,"=""[""","=""198120.175543567""","=""]""","=""0.000000002""","=""L22715c201"""
"=""1s.24h""","=""3H*""","=""6""",13,"=""[""","=""198120.175559882""","=""]""","=""0.000000002""","=""L22715c201"""
"=""1s.24h""","=""3H*""","=""4""",9,"=""[""","=""198120.175574689""","=""]""","=""0.000000002""","=""L22715c201"""
"=""1s.24h""","=""1H*""","=""5""",11,"=""[""","=""198120.175585740""","=""]""","=""0.000000002""","=""L22715c201"""
"=""1s.24i""","=""3I""","=""6""",13,"=""[""","=""198120.175951380""","=""]""","=""0.000000002""","=""L22715c201"""
"=""1s.24i""","=""3I""","=""7""",15,"=""[""","=""198120.175962824""","=""]""","=""0.000000002""","=""L22715c201"""
"=""1s.24i""","=""3I""","=""5""",11,"=""[""","=""198120.175973251""","=""]""","=""0.000000002""","=""L22715c201"""
"=""1s.24i""","=""1I""","=""6""",13,"=""[""","=""198120.175981535""","=""]""","=""0.000000002""","=""L22715c201"""
"=""1s.24p""","=""1P*""","=""1""",3,"=""[""","=""198120.368709152""","=""]""","=""0.000000011""","=""L22715c201"""
"=""1s.25s""","=""3S""","=""1""",3,"=""[""","=""198130.86809785""","=""]""","=""0.00000014""","=""L22715c201"""
"=""1s.25s""","=""1S""","=""0""",1,"=""[""","=""198133.13125688""","=""]""","=""0.00000017""","=""L22715c201"""
"=""1s.25p""","=""3P*""","=""2""",5,"=""[""","=""198134.147130394""","=""]""","=""0.000000059""","=""L22715c201"""
"=""1s.25p""","=""3P*""","=""1""",3,"=""[""","=""198134.147164777""","=""]""","=""0.000000059""","=""L22715c201"""
"=""1s.25p""","=""3P*""","=""0""",1,"=""[""","=""198134.147587793""","=""]""","=""0.000000062""","=""L22715c201"""
"=""1s.25d""","=""3D""","=""3""",7,"=""[""","=""198135.070269118""","=""]""","=""0.000000007""","=""L22715c201"""
"=""1s.25d""","=""3D""","=""2""",5,"=""[""","=""198135.070274545""","=""]""","=""0.000000007""","=""L22715c201"""
"=""1s.25d""","=""3D""","=""1""",3,"=""[""","=""198135.070349872""","=""]""","=""0.000000007""","=""L22715c201"""
"=""1s.25d""","=""1D""","=""2""",5,"=""[""","=""198135.081124821""","=""]""","=""0.000000005""","=""L22715c201"""
"=""1s.25f""","=""3F*""","=""3""",7,"=""[""","=""198135.104478720""","=""]""","=""0.000000003""","=""L22715c201"""
"=""1s.25f""","=""3F*""","=""4""",9,"=""[""","=""198135.104496054""","=""]""","=""0.000000002""","=""L22715c201"""
"=""1s.25f""","=""3F*""","=""2""",5,"=""[""","=""198135.104531299""","=""]""","=""0.000000002""","=""L22715c201"""
"=""1s.25f""","=""1F*""","=""3""",7,"=""[""","=""198135.104594437""","=""]""","=""0.000000002""","=""L22715c201"""
"=""1s.25g""","=""3G""","=""4""",9,"=""[""","=""198135.108950514""","=""]""","=""0.000000002""","=""L22715c201"""
"=""1s.25g""","=""3G""","=""5""",11,"=""[""","=""198135.108972590""","=""]""","=""0.000000002""","=""L22715c201"""
"=""1s.25g""","=""3G""","=""3""",7,"=""[""","=""198135.108992734""","=""]""","=""0.000000002""","=""L22715c201"""
"=""1s.25g""","=""1G""","=""4""",9,"=""[""","=""198135.109006392""","=""]""","=""0.000000002""","=""L22715c201"""
"=""1s.25h""","=""3H*""","=""5""",11,"=""[""","=""198135.110051254""","=""]""","=""0.000000002""","=""L22715c201"""
"=""1s.25h""","=""3H*""","=""6""",13,"=""[""","=""198135.110065689""","=""]""","=""0.000000002""","=""L22715c201"""
"=""1s.25h""","=""3H*""","=""4""",9,"=""[""","=""198135.110078790""","=""]""","=""0.000000002""","=""L22715c201"""
"=""1s.25h""","=""1H*""","=""5""",11,"=""[""","=""198135.110088567""","=""]""","=""0.000000002""","=""L22715c201"""
"=""1s.25i""","=""3I""","=""6""",13,"=""[""","=""198135.110412391""","=""]""","=""0.000000002""","=""L22715c201"""
"=""1s.25i""","=""3I""","=""7""",15,"=""[""","=""198135.110422515""","=""]""","=""0.000000002""","=""L22715c201"""
"=""1s.25i""","=""3I""","=""5""",11,"=""[""","=""198135.110431740""","=""]""","=""0.000000002""","=""L22715c201"""
"=""1s.25i""","=""1I""","=""6""",13,"=""[""","=""198135.110439070""","=""]""","=""0.000000002""","=""L22715c201"""
"=""1s.25p""","=""1P*""","=""1""",3,"=""[""","=""198135.280972208""","=""]""","=""0.000000009""","=""L22715c201"""
"=""1s.26s""","=""3S""","=""1""",3,"=""[""","=""198144.58630650""","=""]""","=""0.00000013""","=""L22715c201"""
"=""1s.26s""","=""1S""","=""0""",1,"=""[""","=""198146.59618205""","=""]""","=""0.00000015""","=""L22715c201"""
"=""1s.26p""","=""3P*""","=""2""",5,"=""[""","=""198147.498782259""","=""]""","=""0.000000053""","=""L22715c201"""
"=""1s.26p""","=""3P*""","=""1""",3,"=""[""","=""198147.498812814""","=""]""","=""0.000000053""","=""L22715c201"""
"=""1s.26p""","=""3P*""","=""0""",1,"=""[""","=""198147.499188737""","=""]""","=""0.000000056""","=""L22715c201"""
"=""1s.26d""","=""3D""","=""3""",7,"=""[""","=""198148.319332969""","=""]""","=""0.000000007""","=""L22715c201"""
"=""1s.26d""","=""3D""","=""2""",5,"=""[""","=""198148.319337794""","=""]""","=""0.000000007""","=""L22715c201"""
"=""1s.26d""","=""3D""","=""1""",3,"=""[""","=""198148.319404758""","=""]""","=""0.000000007""","=""L22715c201"""
"=""1s.26d""","=""1D""","=""2""",5,"=""[""","=""198148.328988465""","=""]""","=""0.000000005""","=""L22715c201"""
"=""1s.26f""","=""3F*""","=""3""",7,"=""[""","=""198148.349751931""","=""]""","=""0.000000003""","=""L22715c201"""
"=""1s.26f""","=""3F*""","=""4""",9,"=""[""","=""198148.349767322""","=""]""","=""0.000000002""","=""L22715c201"""
"=""1s.26f""","=""3F*""","=""2""",5,"=""[""","=""198148.349798655""","=""]""","=""0.000000002""","=""L22715c201"""
"=""1s.26f""","=""1F*""","=""3""",7,"=""[""","=""198148.349854858""","=""]""","=""0.000000002""","=""L22715c201"""
"=""1s.26g""","=""3G""","=""4""",9,"=""[""","=""198148.353728736""","=""]""","=""0.000000002""","=""L22715c201"""
"=""1s.26g""","=""3G""","=""5""",11,"=""[""","=""198148.353748361""","=""]""","=""0.000000002""","=""L22715c201"""
"=""1s.26g""","=""3G""","=""3""",7,"=""[""","=""198148.353766269""","=""]""","=""0.000000002""","=""L22715c201"""
"=""1s.26g""","=""1G""","=""4""",9,"=""[""","=""198148.353778412""","=""]""","=""0.000000002""","=""L22715c201"""
"=""1s.26h""","=""3H*""","=""5""",11,"=""[""","=""198148.354707838""","=""]""","=""0.000000002""","=""L22715c201"""
"=""1s.26h""","=""3H*""","=""6""",13,"=""[""","=""198148.354720670""","=""]""","=""0.000000002""","=""L22715c201"""
"=""1s.26h""","=""3H*""","=""4""",9,"=""[""","=""198148.354732316""","=""]""","=""0.000000002""","=""L22715c201"""
"=""1s.26h""","=""1H*""","=""5""",11,"=""[""","=""198148.354741008""","=""]""","=""0.000000002""","=""L22715c201"""
"=""1s.26i""","=""3I""","=""6""",13,"=""[""","=""198148.355029146""","=""]""","=""0.000000002""","=""L22715c201"""
"=""1s.26i""","=""3I""","=""7""",15,"=""[""","=""198148.355038146""","=""]""","=""0.000000002""","=""L22715c201"""
"=""1s.26i""","=""3I""","=""5""",11,"=""[""","=""198148.355046347""","=""]""","=""0.000000002""","=""L22715c201"""
"=""1s.26i""","=""1I""","=""6""",13,"=""[""","=""198148.355052863""","=""]""","=""0.000000002""","=""L22715c201"""
"=""1s.26p""","=""1P*""","=""1""",3,"=""[""","=""198148.506672195""","=""]""","=""0.000000009""","=""L22715c201"""
"=""1s.27s""","=""3S""","=""1""",3,"=""[""","=""198156.79236858""","=""]""","=""0.00000012""","=""L22715c201"""
"=""1s.27s""","=""1S""","=""0""",1,"=""[""","=""198158.58538961""","=""]""","=""0.00000014""","=""L22715c201"""
"=""1s.27p""","=""3P*""","=""2""",5,"=""[""","=""198159.390952296""","=""]""","=""0.000000048""","=""L22715c201"""
"=""1s.27p""","=""3P*""","=""1""",3,"=""[""","=""198159.390979571""","=""]""","=""0.000000048""","=""L22715c201"""
"=""1s.27p""","=""3P*""","=""0""",1,"=""[""","=""198159.391315140""","=""]""","=""0.000000050""","=""L22715c201"""
"=""1s.27d""","=""3D""","=""3""",7,"=""[""","=""198160.123569061""","=""]""","=""0.000000006""","=""L22715c201"""
"=""1s.27d""","=""3D""","=""2""",5,"=""[""","=""198160.123573370""","=""]""","=""0.000000006""","=""L22715c201"""
"=""1s.27d""","=""3D""","=""1""",3,"=""[""","=""198160.123633165""","=""]""","=""0.000000006""","=""L22715c201"""
"=""1s.27d""","=""1D""","=""2""",5,"=""[""","=""198160.132194796""","=""]""","=""0.000000004""","=""L22715c201"""
"=""1s.27f""","=""3F*""","=""3""",7,"=""[""","=""198160.150737137""","=""]""","=""0.000000002""","=""L22715c201"""
"=""1s.27f""","=""3F*""","=""4""",9,"=""[""","=""198160.150750866""","=""]""","=""0.000000002""","=""L22715c201"""
"=""1s.27f""","=""3F*""","=""2""",5,"=""[""","=""198160.150778845""","=""]""","=""0.000000002""","=""L22715c201"""
"=""1s.27f""","=""1F*""","=""3""",7,"=""[""","=""198160.150829090""","=""]""","=""0.000000002""","=""L22715c201"""
"=""1s.27g""","=""3G""","=""4""",9,"=""[""","=""198160.154289350""","=""]""","=""0.000000002""","=""L22715c201"""
"=""1s.27g""","=""3G""","=""5""",11,"=""[""","=""198160.154306874""","=""]""","=""0.000000002""","=""L22715c201"""
"=""1s.27g""","=""3G""","=""3""",7,"=""[""","=""198160.154322865""","=""]""","=""0.000000002""","=""L22715c201"""
"=""1s.27g""","=""1G""","=""4""",9,"=""[""","=""198160.154333708""","=""]""","=""0.000000002""","=""L22715c201"""
"=""1s.27h""","=""3H*""","=""5""",11,"=""[""","=""198160.155164077""","=""]""","=""0.000000002""","=""L22715c201"""
"=""1s.27h""","=""3H*""","=""6""",13,"=""[""","=""198160.155175535""","=""]""","=""0.000000002""","=""L22715c201"""
"=""1s.27h""","=""3H*""","=""4""",9,"=""[""","=""198160.155185935""","=""]""","=""0.000000002""","=""L22715c201"""
"=""1s.27h""","=""1H*""","=""5""",11,"=""[""","=""198160.155193696""","=""]""","=""0.000000002""","=""L22715c201"""
"=""1s.27i""","=""3I""","=""6""",13,"=""[""","=""198160.155451196""","=""]""","=""0.000000002""","=""L22715c201"""
"=""1s.27i""","=""3I""","=""7""",15,"=""[""","=""198160.155459234""","=""]""","=""0.000000002""","=""L22715c201"""
"=""1s.27i""","=""3I""","=""5""",11,"=""[""","=""198160.155466557""","=""]""","=""0.000000002""","=""L22715c201"""
"=""1s.27i""","=""1I""","=""6""",13,"=""[""","=""198160.155472375""","=""]""","=""0.000000002""","=""L22715c201"""
"=""1s.27p""","=""1P*""","=""1""",3,"=""[""","=""198160.290874212""","=""]""","=""0.000000008""","=""L22715c201"""
"=""1s.28s""","=""3S""","=""1""",3,"=""[""","=""198167.70062973""","=""]""","=""0.00000010""","=""L22715c201"""
"=""1s.28s""","=""1S""","=""0""",1,"=""[""","=""198169.30690431""","=""]""","=""0.00000012""","=""L22715c201"""
"=""1s.28p""","=""3P*""","=""2""",5,"=""[""","=""198170.028857187""","=""]""","=""0.000000043""","=""L22715c201"""
"=""1s.28p""","=""3P*""","=""1""",3,"=""[""","=""198170.028881635""","=""]""","=""0.000000043""","=""L22715c201"""
"=""1s.28p""","=""3P*""","=""0""",1,"=""[""","=""198170.029182426""","=""]""","=""0.000000046""","=""L22715c201"""
"=""1s.28d""","=""3D""","=""3""",7,"=""[""","=""198170.685668336""","=""]""","=""0.000000005""","=""L22715c201"""
"=""1s.28d""","=""3D""","=""2""",5,"=""[""","=""198170.685672200""","=""]""","=""0.000000005""","=""L22715c201"""
"=""1s.28d""","=""3D""","=""1""",3,"=""[""","=""198170.685725813""","=""]""","=""0.000000005""","=""L22715c201"""
"=""1s.28d""","=""1D""","=""2""",5,"=""[""","=""198170.693405567""","=""]""","=""0.000000004""","=""L22715c201"""
"=""1s.28f""","=""3F*""","=""3""",7,"=""[""","=""198170.710032565""","=""]""","=""0.000000002""","=""L22715c201"""
"=""1s.28f""","=""3F*""","=""4""",9,"=""[""","=""198170.710044863""","=""]""","=""0.000000002""","=""L22715c201"""
"=""1s.28f""","=""3F*""","=""2""",5,"=""[""","=""198170.710069950""","=""]""","=""0.000000002""","=""L22715c201"""
"=""1s.28f""","=""1F*""","=""3""",7,"=""[""","=""198170.710115049""","=""]""","=""0.000000002""","=""L22715c201"""
"=""1s.28g""","=""3G""","=""4""",9,"=""[""","=""198170.713218506""","=""]""","=""0.000000002""","=""L22715c201"""
"=""1s.28g""","=""3G""","=""5""",11,"=""[""","=""198170.713234219""","=""]""","=""0.000000002""","=""L22715c201"""
"=""1s.28g""","=""3G""","=""3""",7,"=""[""","=""198170.713248557""","=""]""","=""0.000000002""","=""L22715c201"""
"=""1s.28g""","=""1G""","=""4""",9,"=""[""","=""198170.713258279""","=""]""","=""0.000000002""","=""L22715c201"""
"=""1s.28h""","=""3H*""","=""5""",11,"=""[""","=""198170.714003169""","=""]""","=""0.000000002""","=""L22715c201"""
"=""1s.28h""","=""3H*""","=""6""",13,"=""[""","=""198170.714013443""","=""]""","=""0.000000002""","=""L22715c201"""
"=""1s.28h""","=""3H*""","=""4""",9,"=""[""","=""198170.714022768""","=""]""","=""0.000000002""","=""L22715c201"""
"=""1s.28h""","=""1H*""","=""5""",11,"=""[""","=""198170.714029727""","=""]""","=""0.000000002""","=""L22715c201"""
"=""1s.28i""","=""3I""","=""6""",13,"=""[""","=""198170.714260777""","=""]""","=""0.000000002""","=""L22715c201"""
"=""1s.28i""","=""3I""","=""7""",15,"=""[""","=""198170.714267983""","=""]""","=""0.000000002""","=""L22715c201"""
"=""1s.28i""","=""3I""","=""5""",11,"=""[""","=""198170.714274549""","=""]""","=""0.000000002""","=""L22715c201"""
"=""1s.28i""","=""1I""","=""6""",13,"=""[""","=""198170.714279766""","=""]""","=""0.000000002""","=""L22715c201"""
"=""1s.28p""","=""1P*""","=""1""",3,"=""[""","=""198170.835696632""","=""]""","=""0.000000007""","=""L22715c201"""
"=""1s.29s""","=""3S""","=""1""",3,"=""[""","=""198177.488759611""","=""]""","=""0.000000094""","=""L22715c201"""
"=""1s.29s""","=""1S""","=""0""",1,"=""[""","=""198178.93334671""","=""]""","=""0.00000011""","=""L22715c201"""
"=""1s.29p""","=""3P*""","=""2""",5,"=""[""","=""198179.582872683""","=""]""","=""0.000000039""","=""L22715c201"""
"=""1s.29p""","=""3P*""","=""1""",3,"=""[""","=""198179.582894681""","=""]""","=""0.000000039""","=""L22715c201"""
"=""1s.29p""","=""3P*""","=""0""",1,"=""[""","=""198179.583165339""","=""]""","=""0.000000041""","=""L22715c201"""
"=""1s.29d""","=""3D""","=""3""",7,"=""[""","=""198180.173985680""","=""]""","=""0.000000005""","=""L22715c201"""
"=""1s.29d""","=""3D""","=""2""",5,"=""[""","=""198180.173989159""","=""]""","=""0.000000005""","=""L22715c201"""
"=""1s.29d""","=""3D""","=""1""",3,"=""[""","=""198180.174037414""","=""]""","=""0.000000005""","=""L22715c201"""
"=""1s.29d""","=""1D""","=""2""",5,"=""[""","=""198180.180952270""","=""]""","=""0.000000003""","=""L22715c201"""
"=""1s.29f""","=""3F*""","=""3""",7,"=""[""","=""198180.195918855""","=""]""","=""0.000000002""","=""L22715c201"""
"=""1s.29f""","=""3F*""","=""4""",9,"=""[""","=""198180.195929914""","=""]""","=""0.000000002""","=""L22715c201"""
"=""1s.29f""","=""3F*""","=""2""",5,"=""[""","=""198180.195952494""","=""]""","=""0.000000002""","=""L22715c201"""
"=""1s.29f""","=""1F*""","=""3""",7,"=""[""","=""198180.195993125""","=""]""","=""0.000000002""","=""L22715c201"""
"=""1s.29g""","=""3G""","=""4""",9,"=""[""","=""198180.198787170""","=""]""","=""0.000000002""","=""L22715c201"""
"=""1s.29g""","=""3G""","=""5""",11,"=""[""","=""198180.198801313""","=""]""","=""0.000000002""","=""L22715c201"""
"=""1s.29g""","=""3G""","=""3""",7,"=""[""","=""198180.198814218""","=""]""","=""0.000000002""","=""L22715c201"""
"=""1s.29g""","=""1G""","=""4""",9,"=""[""","=""198180.198822970""","=""]""","=""0.000000002""","=""L22715c201"""
"=""1s.29h""","=""3H*""","=""5""",11,"=""[""","=""198180.199493710""","=""]""","=""0.000000002""","=""L22715c201"""
"=""1s.29h""","=""3H*""","=""6""",13,"=""[""","=""198180.199502958""","=""]""","=""0.000000002""","=""L22715c201"""
"=""1s.29h""","=""3H*""","=""4""",9,"=""[""","=""198180.199511350""","=""]""","=""0.000000002""","=""L22715c201"""
"=""1s.29h""","=""1H*""","=""5""",11,"=""[""","=""198180.199517614""","=""]""","=""0.000000002""","=""L22715c201"""
"=""1s.29i""","=""3I""","=""6""",13,"=""[""","=""198180.199725711""","=""]""","=""0.000000002""","=""L22715c201"""
"=""1s.29i""","=""3I""","=""7""",15,"=""[""","=""198180.199732197""","=""]""","=""0.000000002""","=""L22715c201"""
"=""1s.29i""","=""3I""","=""5""",11,"=""[""","=""198180.199738107""","=""]""","=""0.000000002""","=""L22715c201"""
"=""1s.29i""","=""1I""","=""6""",13,"=""[""","=""198180.199742803""","=""]""","=""0.000000002""","=""L22715c201"""
"=""1s.29p""","=""1P*""","=""1""",3,"=""[""","=""198180.309035948""","=""]""","=""0.000000006""","=""L22715c201"""
"=""1s.30s""","=""3S""","=""1""",3,"=""[""","=""198186.305032732""","=""]""","=""0.000000086""","=""L22715c201"""
"=""1s.30s""","=""1S""","=""0""",1,"=""[""","=""198187.60892513""","=""]""","=""0.00000010""","=""L22715c201"""
"=""1s.30p""","=""3P*""","=""2""",5,"=""[""","=""198188.195398061""","=""]""","=""0.000000036""","=""L22715c201"""
"=""1s.30p""","=""3P*""","=""1""",3,"=""[""","=""198188.195417927""","=""]""","=""0.000000036""","=""L22715c201"""
"=""1s.30p""","=""3P*""","=""0""",1,"=""[""","=""198188.195662346""","=""]""","=""0.000000038""","=""L22715c201"""
"=""1s.30d""","=""3D""","=""3""",7,"=""[""","=""198188.729290466""","=""]""","=""0.000000004""","=""L22715c201"""
"=""1s.30d""","=""3D""","=""2""",5,"=""[""","=""198188.729293609""","=""]""","=""0.000000004""","=""L22715c201"""
"=""1s.30d""","=""3D""","=""1""",3,"=""[""","=""198188.729337196""","=""]""","=""0.000000004""","=""L22715c201"""
"=""1s.30d""","=""1D""","=""2""",5,"=""[""","=""198188.735585378""","=""]""","=""0.000000003""","=""L22715c201"""
"=""1s.30f""","=""3F*""","=""3""",7,"=""[""","=""198188.749105443""","=""]""","=""0.000000002""","=""L22715c201"""
"=""1s.30f""","=""3F*""","=""4""",9,"=""[""","=""198188.749115425""","=""]""","=""0.000000002""","=""L22715c201"""
"=""1s.30f""","=""3F*""","=""2""",5,"=""[""","=""198188.749135822""","=""]""","=""0.000000002""","=""L22715c201"""
"=""1s.30f""","=""1F*""","=""3""",7,"=""[""","=""198188.749172554""","=""]""","=""0.000000002""","=""L22715c201"""
"=""1s.30g""","=""3G""","=""4""",9,"=""[""","=""198188.751696969""","=""]""","=""0.000000002""","=""L22715c201"""
"=""1s.30g""","=""3G""","=""5""",11,"=""[""","=""198188.751709744""","=""]""","=""0.000000002""","=""L22715c201"""
"=""1s.30g""","=""3G""","=""3""",7,"=""[""","=""198188.751721401""","=""]""","=""0.000000002""","=""L22715c201"""
"=""1s.30g""","=""1G""","=""4""",9,"=""[""","=""198188.751729306""","=""]""","=""0.000000002""","=""L22715c201"""
"=""1s.30h""","=""3H*""","=""5""",11,"=""[""","=""198188.752335413""","=""]""","=""0.000000002""","=""L22715c201"""
"=""1s.30h""","=""3H*""","=""6""",13,"=""[""","=""198188.752343767""","=""]""","=""0.000000002""","=""L22715c201"""
"=""1s.30h""","=""3H*""","=""4""",9,"=""[""","=""198188.752351348""","=""]""","=""0.000000002""","=""L22715c201"""
"=""1s.30h""","=""1H*""","=""5""",11,"=""[""","=""198188.752357006""","=""]""","=""0.000000002""","=""L22715c201"""
"=""1s.30i""","=""3I""","=""6""",13,"=""[""","=""198188.752545088""","=""]""","=""0.000000002""","=""L22715c201"""
"=""1s.30i""","=""3I""","=""7""",15,"=""[""","=""198188.752550947""","=""]""","=""0.000000002""","=""L22715c201"""
"=""1s.30i""","=""3I""","=""5""",11,"=""[""","=""198188.752556286""","=""]""","=""0.000000002""","=""L22715c201"""
"=""1s.30i""","=""1I""","=""6""",13,"=""[""","=""198188.752560528""","=""]""","=""0.000000002""","=""L22715c201"""
"=""1s.30p""","=""1P*""","=""1""",3,"=""[""","=""198188.851291619""","=""]""","=""0.000000006""","=""L22715c201"""
"=""1s.31s""","=""3S""","=""1""",3,"=""[""","=""198194.273977107""","=""]""","=""0.000000078""","=""L22715c201"""
"=""1s.31s""","=""1S""","=""0""",1,"=""[""","=""198195.454868174""","=""]""","=""0.000000093""","=""L22715c201"""
"=""1s.31p""","=""3P*""","=""2""",5,"=""[""","=""198195.986193024""","=""]""","=""0.000000032""","=""L22715c201"""
"=""1s.31p""","=""3P*""","=""1""",3,"=""[""","=""198195.986211023""","=""]""","=""0.000000032""","=""L22715c201"""
"=""1s.31p""","=""3P*""","=""0""",1,"=""[""","=""198195.986432489""","=""]""","=""0.000000034""","=""L22715c201"""
"=""1s.31d""","=""3D""","=""3""",7,"=""[""","=""198196.470017975""","=""]""","=""0.000000004""","=""L22715c201"""
"=""1s.31d""","=""3D""","=""2""",5,"=""[""","=""198196.470020823""","=""]""","=""0.000000004""","=""L22715c201"""
"=""1s.31d""","=""3D""","=""1""",3,"=""[""","=""198196.470060327""","=""]""","=""0.000000004""","=""L22715c201"""
"=""1s.31d""","=""1D""","=""2""",5,"=""[""","=""198196.475724794""","=""]""","=""0.000000003""","=""L22715c201"""
"=""1s.31f""","=""3F*""","=""3""",7,"=""[""","=""198196.487978876""","=""]""","=""0.000000002""","=""L22715c201"""
"=""1s.31f""","=""3F*""","=""4""",9,"=""[""","=""198196.487987917""","=""]""","=""0.000000002""","=""L22715c201"""
"=""1s.31f""","=""3F*""","=""2""",5,"=""[""","=""198196.488006402""","=""]""","=""0.000000002""","=""L22715c201"""
"=""1s.31f""","=""1F*""","=""3""",7,"=""[""","=""198196.488039719""","=""]""","=""0.000000002""","=""L22715c201"""
"=""1s.31g""","=""3G""","=""4""",9,"=""[""","=""198196.490328094""","=""]""","=""0.000000002""","=""L22715c201"""
"=""1s.31g""","=""3G""","=""5""",11,"=""[""","=""198196.490339672""","=""]""","=""0.000000002""","=""L22715c201"""
"=""1s.31g""","=""3G""","=""3""",7,"=""[""","=""198196.490350237""","=""]""","=""0.000000002""","=""L22715c201"""
"=""1s.31g""","=""1G""","=""4""",9,"=""[""","=""198196.490357402""","=""]""","=""0.000000002""","=""L22715c201"""
"=""1s.31h""","=""3H*""","=""5""",11,"=""[""","=""198196.490906913""","=""]""","=""0.000000002""","=""L22715c201"""
"=""1s.31h""","=""3H*""","=""6""",13,"=""[""","=""198196.490914484""","=""]""","=""0.000000002""","=""L22715c201"""
"=""1s.31h""","=""3H*""","=""4""",9,"=""[""","=""198196.490921355""","=""]""","=""0.000000002""","=""L22715c201"""
"=""1s.31h""","=""1H*""","=""5""",11,"=""[""","=""198196.490926483""","=""]""","=""0.000000002""","=""L22715c201"""
"=""1s.31i""","=""3I""","=""6""",13,"=""[""","=""198196.491097034""","=""]""","=""0.000000002""","=""L22715c201"""
"=""1s.31i""","=""3I""","=""7""",15,"=""[""","=""198196.491102344""","=""]""","=""0.000000002""","=""L22715c201"""
"=""1s.31i""","=""3I""","=""5""",11,"=""[""","=""198196.491107183""","=""]""","=""0.000000002""","=""L22715c201"""
"=""1s.31i""","=""1I""","=""6""",13,"=""[""","=""198196.491111027""","=""]""","=""0.000000002""","=""L22715c201"""
"=""1s.31p""","=""1P*""","=""1""",3,"=""[""","=""198196.580598192""","=""]""","=""0.000000005""","=""L22715c201"""
"=""1s.32s""","=""3S""","=""1""",3,"=""[""","=""198201.500795957""","=""]""","=""0.000000071""","=""L22715c201"""
"=""1s.32s""","=""1S""","=""0""",1,"=""[""","=""198202.573682889""","=""]""","=""0.000000085""","=""L22715c201"""
"=""1s.32p""","=""3P*""","=""2""",5,"=""[""","=""198203.056563512""","=""]""","=""0.000000030""","=""L22715c201"""
"=""1s.32p""","=""3P*""","=""1""",3,"=""[""","=""198203.056579873""","=""]""","=""0.000000030""","=""L22715c201"""
"=""1s.32p""","=""3P*""","=""0""",1,"=""[""","=""198203.056781172""","=""]""","=""0.000000031""","=""L22715c201"""
"=""1s.32d""","=""3D""","=""3""",7,"=""[""","=""198203.496390454""","=""]""","=""0.000000004""","=""L22715c201"""
"=""1s.32d""","=""3D""","=""2""",5,"=""[""","=""198203.496393044""","=""]""","=""0.000000004""","=""L22715c201"""
"=""1s.32d""","=""3D""","=""1""",3,"=""[""","=""198203.496428958""","=""]""","=""0.000000004""","=""L22715c201"""
"=""1s.32d""","=""1D""","=""2""",5,"=""[""","=""198203.501580167""","=""]""","=""0.000000003""","=""L22715c201"""
"=""1s.32f""","=""3F*""","=""3""",7,"=""[""","=""198203.512721497""","=""]""","=""0.000000002""","=""L22715c201"""
"=""1s.32f""","=""3F*""","=""4""",9,"=""[""","=""198203.512729711""","=""]""","=""0.000000002""","=""L22715c201"""
"=""1s.32f""","=""3F*""","=""2""",5,"=""[""","=""198203.512746517""","=""]""","=""0.000000002""","=""L22715c201"""
"=""1s.32f""","=""1F*""","=""3""",7,"=""[""","=""198203.512776828""","=""]""","=""0.000000002""","=""L22715c201"""
"=""1s.32g""","=""3G""","=""4""",9,"=""[""","=""198203.514857684""","=""]""","=""0.000000002""","=""L22715c201"""
"=""1s.32g""","=""3G""","=""5""",11,"=""[""","=""198203.514868210""","=""]""","=""0.000000002""","=""L22715c201"""
"=""1s.32g""","=""3G""","=""3""",7,"=""[""","=""198203.514877815""","=""]""","=""0.000000002""","=""L22715c201"""
"=""1s.32g""","=""1G""","=""4""",9,"=""[""","=""198203.514884329""","=""]""","=""0.000000002""","=""L22715c201"""
"=""1s.32h""","=""3H*""","=""5""",11,"=""[""","=""198203.515384072""","=""]""","=""0.000000002""","=""L22715c201"""
"=""1s.32h""","=""3H*""","=""6""",13,"=""[""","=""198203.515390955""","=""]""","=""0.000000002""","=""L22715c201"""
"=""1s.32h""","=""3H*""","=""4""",9,"=""[""","=""198203.515397202""","=""]""","=""0.000000002""","=""L22715c201"""
"=""1s.32h""","=""1H*""","=""5""",11,"=""[""","=""198203.515401864""","=""]""","=""0.000000002""","=""L22715c201"""
"=""1s.32i""","=""3I""","=""6""",13,"=""[""","=""198203.515556994""","=""]""","=""0.000000002""","=""L22715c201"""
"=""1s.32i""","=""3I""","=""7""",15,"=""[""","=""198203.515561822""","=""]""","=""0.000000002""","=""L22715c201"""
"=""1s.32i""","=""3I""","=""5""",11,"=""[""","=""198203.515566221""","=""]""","=""0.000000002""","=""L22715c201"""
"=""1s.32i""","=""1I""","=""6""",13,"=""[""","=""198203.515569716""","=""]""","=""0.000000002""","=""L22715c201"""
"=""1s.32p""","=""1P*""","=""1""",3,"=""[""","=""198203.596931727""","=""]""","=""0.000000005""","=""L22715c201"""
"=""1s.33s""","=""3S""","=""1""",3,"=""[""","=""198208.074857814""","=""]""","=""0.000000065""","=""L22715c201"""
"=""1s.33s""","=""1S""","=""0""",1,"=""[""","=""198209.052519998""","=""]""","=""0.000000078""","=""L22715c201"""
"=""1s.33p""","=""3P*""","=""2""",5,"=""[""","=""198209.492671689""","=""]""","=""0.000000027""","=""L22715c201"""
"=""1s.33p""","=""3P*""","=""1""",3,"=""[""","=""198209.492686603""","=""]""","=""0.000000027""","=""L22715c201"""
"=""1s.33p""","=""3P*""","=""0""",1,"=""[""","=""198209.492870111""","=""]""","=""0.000000029""","=""L22715c201"""
"=""1s.33d""","=""3D""","=""3""",7,"=""[""","=""198209.893677560""","=""]""","=""0.000000003""","=""L22715c201"""
"=""1s.33d""","=""3D""","=""2""",5,"=""[""","=""198209.893679921""","=""]""","=""0.000000003""","=""L22715c201"""
"=""1s.33d""","=""3D""","=""1""",3,"=""[""","=""198209.893712668""","=""]""","=""0.000000003""","=""L22715c201"""
"=""1s.33d""","=""1D""","=""2""",5,"=""[""","=""198209.898410762""","=""]""","=""0.000000002""","=""L22715c201"""
"=""1s.33f""","=""3F*""","=""3""",7,"=""[""","=""198209.908570076""","=""]""","=""0.000000002""","=""L22715c201"""
"=""1s.33f""","=""3F*""","=""4""",9,"=""[""","=""198209.908577561""","=""]""","=""0.000000002""","=""L22715c201"""
"=""1s.33f""","=""3F*""","=""2""",5,"=""[""","=""198209.908592885""","=""]""","=""0.000000002""","=""L22715c201"""
"=""1s.33f""","=""1F*""","=""3""",7,"=""[""","=""198209.908620541""","=""]""","=""0.000000002""","=""L22715c201"""
"=""1s.33g""","=""3G""","=""4""",9,"=""[""","=""198209.910518219""","=""]""","=""0.000000002""","=""L22715c201"""
"=""1s.33g""","=""3G""","=""5""",11,"=""[""","=""198209.910527816""","=""]""","=""0.000000002""","=""L22715c201"""
"=""1s.33g""","=""3G""","=""3""",7,"=""[""","=""198209.910536574""","=""]""","=""0.000000002""","=""L22715c201"""
"=""1s.33g""","=""1G""","=""4""",9,"=""[""","=""198209.910542514""","=""]""","=""0.000000002""","=""L22715c201"""
"=""1s.33h""","=""3H*""","=""5""",11,"=""[""","=""198209.910998318""","=""]""","=""0.000000002""","=""L22715c201"""
"=""1s.33h""","=""3H*""","=""6""",13,"=""[""","=""198209.911004594""","=""]""","=""0.000000002""","=""L22715c201"""
"=""1s.33h""","=""3H*""","=""4""",9,"=""[""","=""198209.911010290""","=""]""","=""0.000000002""","=""L22715c201"""
"=""1s.33h""","=""1H*""","=""5""",11,"=""[""","=""198209.911014541""","=""]""","=""0.000000002""","=""L22715c201"""
"=""1s.33i""","=""3I""","=""6""",13,"=""[""","=""198209.911156053""","=""]""","=""0.000000002""","=""L22715c201"""
"=""1s.33i""","=""3I""","=""7""",15,"=""[""","=""198209.911160455""","=""]""","=""0.000000002""","=""L22715c201"""
"=""1s.33i""","=""3I""","=""5""",11,"=""[""","=""198209.911164466""","=""]""","=""0.000000002""","=""L22715c201"""
"=""1s.33i""","=""1I""","=""6""",13,"=""[""","=""198209.911167653""","=""]""","=""0.000000002""","=""L22715c201"""
"=""1s.33p""","=""1P*""","=""1""",3,"=""[""","=""198209.985359040""","=""]""","=""0.000000004""","=""L22715c201"""
"=""1s.34s""","=""3S""","=""1""",3,"=""[""","=""198214.072472787""","=""]""","=""0.000000059""","=""L22715c201"""
"=""1s.34s""","=""1S""","=""0""",1,"=""[""","=""198214.965854023""","=""]""","=""0.000000072""","=""L22715c201"""
"=""1s.34p""","=""3P*""","=""2""",5,"=""[""","=""198215.368173420""","=""]""","=""0.000000025""","=""L22715c201"""
"=""1s.34p""","=""3P*""","=""1""",3,"=""[""","=""198215.368187054""","=""]""","=""0.000000025""","=""L22715c201"""
"=""1s.34p""","=""3P*""","=""0""",1,"=""[""","=""198215.368354807""","=""]""","=""0.000000026""","=""L22715c201"""
"=""1s.34d""","=""3D""","=""3""",7,"=""[""","=""198215.734795618""","=""]""","=""0.000000003""","=""L22715c201"""
"=""1s.34d""","=""3D""","=""2""",5,"=""[""","=""198215.734797777""","=""]""","=""0.000000003""","=""L22715c201"""
"=""1s.34d""","=""3D""","=""1""",3,"=""[""","=""198215.734827718""","=""]""","=""0.000000003""","=""L22715c201"""
"=""1s.34d""","=""1D""","=""2""",5,"=""[""","=""198215.739124290""","=""]""","=""0.000000002""","=""L22715c201"""
"=""1s.34f""","=""3F*""","=""3""",7,"=""[""","=""198215.748413674""","=""]""","=""0.000000002""","=""L22715c201"""
"=""1s.34f""","=""3F*""","=""4""",9,"=""[""","=""198215.748420514""","=""]""","=""0.000000002""","=""L22715c201"""
"=""1s.34f""","=""3F*""","=""2""",5,"=""[""","=""198215.748434526""","=""]""","=""0.000000002""","=""L22715c201"""
"=""1s.34f""","=""1F*""","=""3""",7,"=""[""","=""198215.748459827""","=""]""","=""0.000000002""","=""L22715c201"""
"=""1s.34g""","=""3G""","=""4""",9,"=""[""","=""198215.750195203""","=""]""","=""0.000000002""","=""L22715c201"""
"=""1s.34g""","=""3G""","=""5""",11,"=""[""","=""198215.750203978""","=""]""","=""0.000000002""","=""L22715c201"""
"=""1s.34g""","=""3G""","=""3""",7,"=""[""","=""198215.750211986""","=""]""","=""0.000000002""","=""L22715c201"""
"=""1s.34g""","=""1G""","=""4""",9,"=""[""","=""198215.750217417""","=""]""","=""0.000000002""","=""L22715c201"""
"=""1s.34h""","=""3H*""","=""5""",11,"=""[""","=""198215.750634283""","=""]""","=""0.000000002""","=""L22715c201"""
"=""1s.34h""","=""3H*""","=""6""",13,"=""[""","=""198215.750640021""","=""]""","=""0.000000002""","=""L22715c201"""
"=""1s.34h""","=""3H*""","=""4""",9,"=""[""","=""198215.750645229""","=""]""","=""0.000000002""","=""L22715c201"""
"=""1s.34h""","=""1H*""","=""5""",11,"=""[""","=""198215.750649116""","=""]""","=""0.000000002""","=""L22715c201"""
"=""1s.34i""","=""3I""","=""6""",13,"=""[""","=""198215.750778556""","=""]""","=""0.000000002""","=""L22715c201"""
"=""1s.34i""","=""3I""","=""7""",15,"=""[""","=""198215.750782581""","=""]""","=""0.000000002""","=""L22715c201"""
"=""1s.34i""","=""3I""","=""5""",11,"=""[""","=""198215.750786248""","=""]""","=""0.000000002""","=""L22715c201"""
"=""1s.34i""","=""1I""","=""6""",13,"=""[""","=""198215.750789162""","=""]""","=""0.000000002""","=""L22715c201"""
"=""1s.34p""","=""1P*""","=""1""",3,"=""[""","=""198215.818628313""","=""]""","=""0.000000004""","=""L22715c201"""
"=""1s.35s""","=""3S""","=""1""",3,"=""[""","=""198219.559117109""","=""]""","=""0.000000054""","=""L22715c201"""
"=""1s.35s""","=""1S""","=""0""",1,"=""[""","=""198220.377633125""","=""]""","=""0.000000066""","=""L22715c201"""
"=""1s.35p""","=""3P*""","=""2""",5,"=""[""","=""198220.746335003""","=""]""","=""0.000000023""","=""L22715c201"""
"=""1s.35p""","=""3P*""","=""1""",3,"=""[""","=""198220.746347499""","=""]""","=""0.000000023""","=""L22715c201"""
"=""1s.35p""","=""3P*""","=""0""",1,"=""[""","=""198220.746501251""","=""]""","=""0.000000024""","=""L22715c201"""
"=""1s.35d""","=""3D""","=""3""",7,"=""[""","=""198221.082394620""","=""]""","=""0.000000003""","=""L22715c201"""
"=""1s.35d""","=""3D""","=""2""",5,"=""[""","=""198221.082396599""","=""]""","=""0.000000003""","=""L22715c201"""
"=""1s.35d""","=""3D""","=""1""",3,"=""[""","=""198221.082424046""","=""]""","=""0.000000003""","=""L22715c201"""
"=""1s.35d""","=""1D""","=""2""",5,"=""[""","=""198221.086363553""","=""]""","=""0.000000002""","=""L22715c201"""
"=""1s.35f""","=""3F*""","=""3""",7,"=""[""","=""198221.094879550""","=""]""","=""0.000000002""","=""L22715c201"""
"=""1s.35f""","=""3F*""","=""4""",9,"=""[""","=""198221.094885817""","=""]""","=""0.000000002""","=""L22715c201"""
"=""1s.35f""","=""3F*""","=""2""",5,"=""[""","=""198221.094898662""","=""]""","=""0.000000002""","=""L22715c201"""
"=""1s.35f""","=""1F*""","=""3""",7,"=""[""","=""198221.094921867""","=""]""","=""0.000000002""","=""L22715c201"""
"=""1s.35g""","=""3G""","=""4""",9,"=""[""","=""198221.096512929""","=""]""","=""0.000000002""","=""L22715c201"""
"=""1s.35g""","=""3G""","=""5""",11,"=""[""","=""198221.096520973""","=""]""","=""0.000000002""","=""L22715c201"""
"=""1s.35g""","=""3G""","=""3""",7,"=""[""","=""198221.096528314""","=""]""","=""0.000000002""","=""L22715c201"""
"=""1s.35g""","=""1G""","=""4""",9,"=""[""","=""198221.096533293""","=""]""","=""0.000000002""","=""L22715c201"""
"=""1s.35h""","=""3H*""","=""5""",11,"=""[""","=""198221.096915528""","=""]""","=""0.000000002""","=""L22715c201"""
"=""1s.35h""","=""3H*""","=""6""",13,"=""[""","=""198221.096920789""","=""]""","=""0.000000002""","=""L22715c201"""
"=""1s.35h""","=""3H*""","=""4""",9,"=""[""","=""198221.096925563""","=""]""","=""0.000000002""","=""L22715c201"""
"=""1s.35h""","=""1H*""","=""5""",11,"=""[""","=""198221.096929126""","=""]""","=""0.000000002""","=""L22715c201"""
"=""1s.35i""","=""3I""","=""6""",13,"=""[""","=""198221.097047828""","=""]""","=""0.000000002""","=""L22715c201"""
"=""1s.35i""","=""3I""","=""7""",15,"=""[""","=""198221.097051518""","=""]""","=""0.000000002""","=""L22715c201"""
"=""1s.35i""","=""3I""","=""5""",11,"=""[""","=""198221.097054880""","=""]""","=""0.000000002""","=""L22715c201"""
"=""1s.35i""","=""1I""","=""6""",13,"=""[""","=""198221.097057551""","=""]""","=""0.000000002""","=""L22715c201"""
"=""1s.35p""","=""1P*""","=""1""",3,"=""[""","=""198221.159249364""","=""]""","=""0.000000004""","=""L22715c201"""
"=""He II (1s 2S<1/2>)""","=""Limit""","=""---""",,"=""""","=""198310.66637""","=""""","=""0.00020""","=""L17714"""
"=""2s.2p""","=""3P*""","=""0,1,2""",9,"=""""","=""470310""","=""""","=""50""","=""L1368"""
"=""2p2""","=""3P""","=""0,1,2""",9,"=""""","=""481301.5""","=""""","=""1.2""","=""L1341"""
"=""2p.3p""","=""3D""","=""1,2,3""",15,"=""""","=""509090""","=""""","=""50""","=""L1368"""
"=""2p.3d""","=""3D*""","=""1,2,3""",15,"=""""","=""514473.5""","=""""","=""1.2""","=""L1368"""
"=""2p.3d""","=""3P*""","=""0,1,2""",9,"=""""","=""516775""","=""""","=""5""","=""L1368"""
